participant,age,handedness,gender,Gender,Emotion,key_resp.rt,key_resp.corr
P01,23,Right,Male,Female,Neutral,0.997216899995692,1.0
P01,23,Right,Male,Female,Happy,1.5877890000119803,0.0
P01,23,Right,Male,Female,Happy,1.1107379000168294,1.0
P01,23,Right,Male,Male,Angry,0.747143300017342,1.0
P01,23,Right,Male,Female,Happy,0.4687013999791816,1.0
P01,23,Right,Male,Male,Angry,0.5710930998902768,1.0
P01,23,Right,Male,Male,Neutral,1.2004490999970585,1.0
P01,23,Right,Male,Female,Angry,2.123857800033875,0.0
P01,23,Right,Male,Female,Angry,0.7579436000669375,1.0
P01,23,Right,Male,Female,Angry,0.900298000080511,0.0
P01,23,Right,Male,Male,Angry,0.8309806999750435,1.0
P01,23,Right,Male,Male,Happy,0.7446282000746578,1.0
P01,23,Right,Male,Male,Happy,0.7335956000024453,1.0
P01,23,Right,Male,Female,Neutral,0.6670061000622809,1.0
P01,23,Right,Male,Female,Neutral,0.5943373999325559,1.0
P01,23,Right,Male,Male,Neutral,0.754505000077188,1.0
P01,23,Right,Male,Male,Angry,1.1821362000191584,1.0
P01,23,Right,Male,Female,Angry,0.7471920000389218,1.0
P01,23,Right,Male,Male,Neutral,0.5947950999252498,1.0
P01,23,Right,Male,Male,Neutral,5.977954600006342,1.0
P01,23,Right,Male,Male,Angry,0.7888084000442177,1.0
P01,23,Right,Male,Female,Happy,0.730261699995026,1.0
P01,23,Right,Male,Female,Angry,0.9053293999750168,1.0
P01,23,Right,Male,Male,Angry,0.796258500078693,1.0
P01,23,Right,Male,Female,Happy,0.6860281999688596,1.0
P01,23,Right,Male,Female,Angry,0.6412681000074372,1.0
P01,23,Right,Male,Male,Angry,0.8646120000630617,1.0
P01,23,Right,Male,Male,Neutral,1.2841026999522,1.0
P01,23,Right,Male,Male,Happy,0.647247500019148,1.0
P01,23,Right,Male,Male,Neutral,0.9338783000130206,1.0
P01,23,Right,Male,Female,Angry,0.6059909000759944,1.0
P01,23,Right,Male,Female,Happy,0.7554386999690905,1.0
P01,23,Right,Male,Male,Neutral,0.7543846999760717,1.0
P01,23,Right,Male,Female,Neutral,0.8478072000434622,1.0
P01,23,Right,Male,Female,Angry,1.091685099992901,0.0
P01,23,Right,Male,Female,Neutral,1.0658371000317857,1.0
P01,23,Right,Male,Male,Neutral,0.9776648000115528,1.0
P01,23,Right,Male,Female,Neutral,0.641515800030902,1.0
P01,23,Right,Male,Female,Happy,0.840555000002496,1.0
P01,23,Right,Male,Female,Angry,0.6154705999651924,1.0
P01,23,Right,Male,Male,Neutral,0.6999643999151886,1.0
P01,23,Right,Male,Female,Happy,1.3573149000294509,1.0
P01,23,Right,Male,Male,Happy,0.8062252000672743,1.0
P01,23,Right,Male,Male,Angry,0.9603960999520496,0.0
P01,23,Right,Male,Female,Neutral,1.370551300002262,1.0
P01,23,Right,Male,Male,Happy,1.264856900088489,1.0
P01,23,Right,Male,Male,Neutral,1.0747968999203297,1.0
P01,23,Right,Male,Male,Angry,0.7635270999744534,1.0
P01,23,Right,Male,Female,Happy,1.1549453999614343,1.0
P01,23,Right,Male,Female,Neutral,0.5749786000233144,1.0
P01,23,Right,Male,Male,Angry,1.140690799918957,1.0
P01,23,Right,Male,Male,Angry,0.8266810999484733,1.0
P01,23,Right,Male,Male,Happy,0.9319690000265836,1.0
P01,23,Right,Male,Female,Neutral,0.653634799993597,1.0
P01,23,Right,Male,Female,Angry,0.8575216999743134,1.0
P01,23,Right,Male,Male,Angry,0.7687294000061229,1.0
P01,23,Right,Male,Male,Neutral,0.4582984000444412,1.0
P01,23,Right,Male,Male,Happy,0.4738296999130398,1.0
P01,23,Right,Male,Male,Angry,0.4644931999500841,1.0
P01,23,Right,Male,Female,Happy,0.6879040999338031,1.0
P01,23,Right,Male,Male,Neutral,0.6432678999844939,1.0
P01,23,Right,Male,Female,Angry,0.8138868000824004,1.0
P01,23,Right,Male,Male,Happy,0.9026857999851928,1.0
P01,23,Right,Male,Female,Neutral,2.0965001999866217,1.0
P01,23,Right,Male,Male,Happy,0.6087168999947608,1.0
P01,23,Right,Male,Female,Happy,0.6927784999134019,1.0
P01,23,Right,Male,Male,Neutral,0.8917675000848249,1.0
P01,23,Right,Male,Male,Angry,0.6984928000019863,1.0
P01,23,Right,Male,Male,Neutral,0.4819180000340566,1.0
P01,23,Right,Male,Male,Neutral,0.4843591999961063,1.0
P01,23,Right,Male,Male,Happy,0.9612198999384418,1.0
P01,23,Right,Male,Female,Happy,0.6882455999730155,1.0
P01,23,Right,Male,Male,Happy,0.8090956999221817,1.0
P01,23,Right,Male,Female,Neutral,0.8650756999850273,1.0
P01,23,Right,Male,Male,Happy,1.1680148000596091,1.0
P01,23,Right,Male,Female,Angry,0.729791900026612,0.0
P01,23,Right,Male,Male,Angry,0.6734358000103384,1.0
P01,23,Right,Male,Female,Neutral,0.5606768000870943,1.0
P01,23,Right,Male,Male,Happy,0.5876960000023246,1.0
P01,23,Right,Male,Male,Angry,0.5965433999663219,1.0
P01,23,Right,Male,Female,Angry,0.5732344000134617,1.0
P01,23,Right,Male,Female,Angry,0.6865341999800876,1.0
P01,23,Right,Male,Male,Angry,0.8905170999933034,1.0
P01,23,Right,Male,Female,Angry,0.9163515999680384,1.0
P01,23,Right,Male,Male,Neutral,0.4953848000150174,1.0
P01,23,Right,Male,Female,Happy,0.6941680000163615,1.0
P01,23,Right,Male,Male,Angry,0.7275865999981761,1.0
P01,23,Right,Male,Female,Happy,0.5337327000452206,1.0
P01,23,Right,Male,Female,Neutral,0.6681359999347478,1.0
P01,23,Right,Male,Male,Happy,0.6517133000306785,1.0
P01,23,Right,Male,Male,Happy,0.8457955999765545,1.0
P01,23,Right,Male,Female,Happy,0.6167395000811666,1.0
P01,23,Right,Male,Female,Angry,0.6470984999323264,1.0
P01,23,Right,Male,Female,Happy,0.4669212000444531,1.0
P01,23,Right,Male,Male,Neutral,0.6553522000322118,1.0
P01,23,Right,Male,Male,Happy,1.0925147000234574,1.0
P01,23,Right,Male,Male,Happy,0.6191821000538766,1.0
P01,23,Right,Male,Female,Angry,0.6084896000102162,1.0
P01,23,Right,Male,Female,Happy,0.7765585000161082,1.0
P01,23,Right,Male,Female,Angry,0.6070700000273064,1.0
P01,23,Right,Male,Male,Angry,0.4997530999826267,0.0
P01,23,Right,Male,Female,Neutral,1.0674614999443293,1.0
P01,23,Right,Male,Male,Happy,1.345366399968043,1.0
P01,23,Right,Male,Female,Neutral,0.8596149999648333,1.0
P01,23,Right,Male,Female,Happy,1.2311630001058802,1.0
P01,23,Right,Male,Female,Happy,0.4570973999798298,1.0
P01,23,Right,Male,Female,Neutral,0.5476216000970453,1.0
P01,23,Right,Male,Male,Happy,0.6721867999294773,1.0
P01,23,Right,Male,Female,Neutral,0.599946599919349,0.0
P01,23,Right,Male,Female,Angry,0.9586745999986306,1.0
P01,23,Right,Male,Female,Neutral,0.531366299954243,1.0
P01,23,Right,Male,Male,Neutral,0.576153100002557,1.0
P01,23,Right,Male,Female,Neutral,0.8173172000097111,1.0
P01,23,Right,Male,Female,Happy,0.5785591999301687,1.0
P01,23,Right,Male,Male,Angry,0.6755778000224382,1.0
P01,23,Right,Male,Female,Angry,1.05581309995614,1.0
P01,23,Right,Male,Male,Happy,0.8876606000121683,1.0
P01,23,Right,Male,Male,Neutral,0.8574072000337765,1.0
P01,23,Right,Male,Male,Neutral,0.8038181000156328,1.0
P01,23,Right,Male,Female,Neutral,0.5056633000494912,0.0
P02,22,Right,Female,Female,Neutral,1.1132166997995228,1.0
P02,22,Right,Female,Female,Happy,1.3096640000585469,0.0
P02,22,Right,Female,Female,Happy,1.3299944000318646,1.0
P02,22,Right,Female,Male,Angry,0.8070664000697434,1.0
P02,22,Right,Female,Female,Happy,0.7279595998115838,1.0
P02,22,Right,Female,Male,Angry,0.6351926999632269,1.0
P02,22,Right,Female,Male,Neutral,0.7458307999186218,1.0
P02,22,Right,Female,Female,Angry,1.4687095999252051,1.0
P02,22,Right,Female,Female,Angry,0.7803356999065727,1.0
P02,22,Right,Female,Female,Angry,1.483294100034982,1.0
P02,22,Right,Female,Male,Angry,0.5688700000755489,1.0
P02,22,Right,Female,Male,Happy,0.5954937001224607,1.0
P02,22,Right,Female,Male,Happy,0.5687460000626743,1.0
P02,22,Right,Female,Female,Neutral,1.095553999999538,0.0
P02,22,Right,Female,Female,Neutral,1.385130199836567,1.0
P02,22,Right,Female,Male,Neutral,0.7819027998484671,1.0
P02,22,Right,Female,Male,Angry,0.7524978998117149,1.0
P02,22,Right,Female,Female,Angry,0.7407662000041455,1.0
P02,22,Right,Female,Male,Neutral,0.9298493000678718,1.0
P02,22,Right,Female,Male,Neutral,2.064898199867457,1.0
P02,22,Right,Female,Male,Angry,1.1997961001470685,1.0
P02,22,Right,Female,Female,Happy,1.007511799922213,1.0
P02,22,Right,Female,Female,Angry,0.7966611001174897,1.0
P02,22,Right,Female,Male,Angry,0.8662789000663906,1.0
P02,22,Right,Female,Female,Happy,0.6599609002005309,1.0
P02,22,Right,Female,Female,Angry,1.1947504999116063,1.0
P02,22,Right,Female,Male,Angry,2.048775600036606,1.0
P02,22,Right,Female,Male,Neutral,1.1798907001502812,0.0
P02,22,Right,Female,Male,Happy,0.6745205000042915,1.0
P02,22,Right,Female,Male,Neutral,2.9771251999773085,1.0
P02,22,Right,Female,Female,Angry,1.1221751000266522,1.0
P02,22,Right,Female,Female,Happy,0.8310347001533955,1.0
P02,22,Right,Female,Male,Neutral,0.7352736999746412,1.0
P02,22,Right,Female,Female,Neutral,0.9335891001392156,1.0
P02,22,Right,Female,Female,Angry,0.8653547000139952,1.0
P02,22,Right,Female,Female,Neutral,0.636706099845469,1.0
P02,22,Right,Female,Male,Neutral,0.963808599859476,1.0
P02,22,Right,Female,Female,Neutral,0.887776599964127,1.0
P02,22,Right,Female,Female,Happy,0.5924886998254806,1.0
P02,22,Right,Female,Female,Angry,0.8282876000739634,1.0
P02,22,Right,Female,Male,Neutral,0.8642412000335753,1.0
P02,22,Right,Female,Female,Happy,3.632940399926156,1.0
P02,22,Right,Female,Male,Happy,0.8348981998860836,1.0
P02,22,Right,Female,Male,Angry,2.380689699901268,1.0
P02,22,Right,Female,Female,Neutral,1.5792672000825403,1.0
P02,22,Right,Female,Male,Happy,1.1815609999466687,1.0
P02,22,Right,Female,Male,Neutral,1.5187015999108553,1.0
P02,22,Right,Female,Male,Angry,0.6552157001569867,1.0
P02,22,Right,Female,Female,Happy,0.715855099959299,1.0
P02,22,Right,Female,Female,Neutral,0.8964605000801384,1.0
P02,22,Right,Female,Male,Angry,0.7382249000947922,1.0
P02,22,Right,Female,Male,Angry,2.6899679000489414,1.0
P02,22,Right,Female,Male,Happy,0.8200664001051337,0.0
P02,22,Right,Female,Female,Neutral,2.910292000044137,1.0
P02,22,Right,Female,Female,Angry,1.2773496001027524,1.0
P02,22,Right,Female,Male,Angry,0.9642473999410868,1.0
P02,22,Right,Female,Male,Neutral,0.8407312000636011,1.0
P02,22,Right,Female,Male,Happy,0.5814667998347431,1.0
P02,22,Right,Female,Male,Angry,0.593914199853316,1.0
P02,22,Right,Female,Female,Happy,1.4438905999995768,1.0
P02,22,Right,Female,Male,Neutral,0.8311739999335259,1.0
P02,22,Right,Female,Female,Angry,1.275000600144267,1.0
P02,22,Right,Female,Male,Happy,0.618917099898681,1.0
P02,22,Right,Female,Female,Neutral,1.2223046999424696,1.0
P02,22,Right,Female,Male,Happy,0.6575707998126745,1.0
P02,22,Right,Female,Female,Happy,1.2779781999997797,1.0
P02,22,Right,Female,Male,Neutral,0.4603687000926584,1.0
P02,22,Right,Female,Male,Angry,0.6120394000317901,1.0
P02,22,Right,Female,Male,Neutral,0.5436466000974178,1.0
P02,22,Right,Female,Male,Neutral,0.750416699796915,1.0
P02,22,Right,Female,Male,Happy,0.7126050000078976,1.0
P02,22,Right,Female,Female,Happy,0.6557984999381006,1.0
P02,22,Right,Female,Male,Happy,0.6346416000742465,1.0
P02,22,Right,Female,Female,Neutral,0.987762900069356,1.0
P02,22,Right,Female,Male,Happy,0.5375238000415266,1.0
P02,22,Right,Female,Female,Angry,0.7831743999850005,0.0
P02,22,Right,Female,Male,Angry,0.6270759999752045,1.0
P02,22,Right,Female,Female,Neutral,0.6748285999055952,1.0
P02,22,Right,Female,Male,Happy,0.6501478001009673,1.0
P02,22,Right,Female,Male,Angry,0.5421267999336123,1.0
P02,22,Right,Female,Female,Angry,0.7835720998700708,1.0
P02,22,Right,Female,Female,Angry,1.419154099887237,1.0
P02,22,Right,Female,Male,Angry,0.7393065998330712,1.0
P02,22,Right,Female,Female,Angry,1.9233075000811368,0.0
P02,22,Right,Female,Male,Neutral,0.6912328999023885,1.0
P02,22,Right,Female,Female,Happy,0.5719886000733823,1.0
P02,22,Right,Female,Male,Angry,0.526590800145641,1.0
P02,22,Right,Female,Female,Happy,1.3583450999576598,1.0
P02,22,Right,Female,Female,Neutral,0.8538271998986602,1.0
P02,22,Right,Female,Male,Happy,0.8251100000925362,1.0
P02,22,Right,Female,Male,Happy,0.655907099833712,1.0
P02,22,Right,Female,Female,Happy,0.8836431000381708,1.0
P02,22,Right,Female,Female,Angry,0.7843784999568015,1.0
P02,22,Right,Female,Female,Happy,0.7236956998240203,1.0
P02,22,Right,Female,Male,Neutral,0.6289359000511467,1.0
P02,22,Right,Female,Male,Happy,0.5592873999848962,1.0
P02,22,Right,Female,Male,Happy,0.5427109999582171,1.0
P02,22,Right,Female,Female,Angry,0.5679570999927819,1.0
P02,22,Right,Female,Female,Happy,0.5571448998525739,1.0
P02,22,Right,Female,Female,Angry,0.6739688999950886,1.0
P02,22,Right,Female,Male,Angry,0.5957372998818755,1.0
P02,22,Right,Female,Female,Neutral,1.1584572999272496,1.0
P02,22,Right,Female,Male,Happy,0.6029678999911994,1.0
P02,22,Right,Female,Female,Neutral,1.2155633999500424,1.0
P02,22,Right,Female,Female,Happy,1.8220858999993648,1.0
P02,22,Right,Female,Female,Happy,0.9662019000388682,1.0
P02,22,Right,Female,Female,Neutral,0.8353360998444259,1.0
P02,22,Right,Female,Male,Happy,0.6035591999534518,1.0
P02,22,Right,Female,Female,Neutral,2.8330854000523686,1.0
P02,22,Right,Female,Female,Angry,1.330032899975777,1.0
P02,22,Right,Female,Female,Neutral,0.784997700015083,1.0
P02,22,Right,Female,Male,Neutral,2.1199465000536293,1.0
P02,22,Right,Female,Female,Neutral,2.470721899997443,1.0
P02,22,Right,Female,Female,Happy,0.6622742000035942,1.0
P02,22,Right,Female,Male,Angry,1.393485500011593,1.0
P02,22,Right,Female,Female,Angry,1.125507399905473,1.0
P02,22,Right,Female,Male,Happy,2.068566600093618,1.0
P02,22,Right,Female,Male,Neutral,0.5319173999596387,1.0
P02,22,Right,Female,Male,Neutral,0.590972000034526,1.0
P02,22,Right,Female,Female,Neutral,0.7192653999663889,1.0
P03,22,Left,Female,Female,Neutral,0.5516757000004873,1.0
P03,22,Left,Female,Female,Happy,0.7705748000298627,1.0
P03,22,Left,Female,Female,Happy,0.7108664999832399,1.0
P03,22,Left,Female,Male,Angry,0.5500544999958947,1.0
P03,22,Left,Female,Female,Happy,0.6251779000158422,1.0
P03,22,Left,Female,Male,Angry,0.6204418999841437,1.0
P03,22,Left,Female,Male,Neutral,0.7752276999526657,1.0
P03,22,Left,Female,Female,Angry,0.9024397999746724,1.0
P03,22,Left,Female,Female,Angry,0.8388328999863006,1.0
P03,22,Left,Female,Female,Angry,1.1403678000206128,1.0
P03,22,Left,Female,Male,Angry,0.9565292000188492,1.0
P03,22,Left,Female,Male,Happy,1.1669668999966234,1.0
P03,22,Left,Female,Male,Happy,0.5363929999875836,1.0
P03,22,Left,Female,Female,Neutral,0.8818076999741606,1.0
P03,22,Left,Female,Female,Neutral,0.8397982000024058,1.0
P03,22,Left,Female,Male,Neutral,0.5949014999787323,1.0
P03,22,Left,Female,Male,Angry,0.8503389999968931,1.0
P03,22,Left,Female,Female,Angry,1.0137940000277013,1.0
P03,22,Left,Female,Male,Neutral,0.7525814999826252,1.0
P03,22,Left,Female,Male,Neutral,1.4970020999899134,0.0
P03,22,Left,Female,Male,Angry,0.5488092000014149,1.0
P03,22,Left,Female,Female,Happy,1.4074140000157058,1.0
P03,22,Left,Female,Female,Angry,0.8766363000031561,1.0
P03,22,Left,Female,Male,Angry,0.7677319999784231,1.0
P03,22,Left,Female,Female,Happy,0.9679649000172504,1.0
P03,22,Left,Female,Female,Angry,0.857751100033056,1.0
P03,22,Left,Female,Male,Angry,0.771145400009118,1.0
P03,22,Left,Female,Male,Neutral,1.003086999990046,1.0
P03,22,Left,Female,Male,Happy,0.7680863999994472,1.0
P03,22,Left,Female,Male,Neutral,0.7843652999727055,1.0
P03,22,Left,Female,Female,Angry,1.2984515999560244,1.0
P03,22,Left,Female,Female,Happy,0.7989300999906845,1.0
P03,22,Left,Female,Male,Neutral,0.7233211999991909,1.0
P03,22,Left,Female,Female,Neutral,1.115938599978108,1.0
P03,22,Left,Female,Female,Angry,0.996220999979414,1.0
P03,22,Left,Female,Female,Neutral,1.0589097999618389,1.0
P03,22,Left,Female,Male,Neutral,0.9853745000436902,1.0
P03,22,Left,Female,Female,Neutral,0.6705720999743789,1.0
P03,22,Left,Female,Female,Happy,0.8739713999675587,1.0
P03,22,Left,Female,Female,Angry,1.2286294999648817,1.0
P03,22,Left,Female,Male,Neutral,1.054598399961833,1.0
P03,22,Left,Female,Female,Happy,1.15152960002888,1.0
P03,22,Left,Female,Male,Happy,0.987931400013622,1.0
P03,22,Left,Female,Male,Angry,1.1975288999965414,1.0
P03,22,Left,Female,Female,Neutral,0.9919102999847382,1.0
P03,22,Left,Female,Male,Happy,1.1626997999846935,1.0
P03,22,Left,Female,Male,Neutral,1.068082400015555,1.0
P03,22,Left,Female,Male,Angry,0.9564314999734052,1.0
P03,22,Left,Female,Female,Happy,0.9132845000131056,1.0
P03,22,Left,Female,Female,Neutral,0.7636868999688886,1.0
P03,22,Left,Female,Male,Angry,1.0183720999630168,1.0
P03,22,Left,Female,Male,Angry,0.9135395999765024,1.0
P03,22,Left,Female,Male,Happy,1.0348462000256404,1.0
P03,22,Left,Female,Female,Neutral,0.7205575000261888,1.0
P03,22,Left,Female,Female,Angry,1.4824797000037506,1.0
P03,22,Left,Female,Male,Angry,0.7974755999748595,1.0
P03,22,Left,Female,Male,Neutral,0.7401827999856323,1.0
P03,22,Left,Female,Male,Happy,0.8416042000171728,1.0
P03,22,Left,Female,Male,Angry,1.193428699974902,1.0
P03,22,Left,Female,Female,Happy,0.8070540999760851,1.0
P03,22,Left,Female,Male,Neutral,1.0670728999539278,1.0
P03,22,Left,Female,Female,Angry,1.0947499999892898,1.0
P03,22,Left,Female,Male,Happy,0.9326896999846211,1.0
P03,22,Left,Female,Female,Neutral,0.655644399987068,1.0
P03,22,Left,Female,Male,Happy,0.7697556000202894,1.0
P03,22,Left,Female,Female,Happy,1.205950000032317,1.0
P03,22,Left,Female,Male,Neutral,0.8834379999898374,1.0
P03,22,Left,Female,Male,Angry,1.3583629000349902,1.0
P03,22,Left,Female,Male,Neutral,1.6651725000119768,1.0
P03,22,Left,Female,Male,Neutral,1.082484399958048,1.0
P03,22,Left,Female,Male,Happy,1.4007784000132233,0.0
P03,22,Left,Female,Female,Happy,1.0537763999891467,1.0
P03,22,Left,Female,Male,Happy,0.928078800032381,1.0
P03,22,Left,Female,Female,Neutral,1.040611499978695,1.0
P03,22,Left,Female,Male,Happy,1.2788826000178233,1.0
P03,22,Left,Female,Female,Angry,1.891512700007297,0.0
P03,22,Left,Female,Male,Angry,0.6819615000276826,1.0
P03,22,Left,Female,Female,Neutral,0.9486119000357576,1.0
P03,22,Left,Female,Male,Happy,0.9777476000017488,1.0
P03,22,Left,Female,Male,Angry,0.6644864999689162,1.0
P03,22,Left,Female,Female,Angry,1.097470000036992,1.0
P03,22,Left,Female,Female,Angry,0.9407057000207716,1.0
P03,22,Left,Female,Male,Angry,1.0742963000084274,1.0
P03,22,Left,Female,Female,Angry,1.1040873000165448,1.0
P03,22,Left,Female,Male,Neutral,1.019628299982287,1.0
P03,22,Left,Female,Female,Happy,1.0998468999750912,1.0
P03,22,Left,Female,Male,Angry,0.6890998999588192,1.0
P03,22,Left,Female,Female,Happy,0.9968478999799116,1.0
P03,22,Left,Female,Female,Neutral,0.8614865999552421,1.0
P03,22,Left,Female,Male,Happy,1.1810708999983035,1.0
P03,22,Left,Female,Male,Happy,0.9196159999701194,1.0
P03,22,Left,Female,Female,Happy,0.5822270000353456,1.0
P03,22,Left,Female,Female,Angry,0.7435020999982953,1.0
P03,22,Left,Female,Female,Happy,1.0514788000145927,0.0
P03,22,Left,Female,Male,Neutral,0.8478053999715485,1.0
P03,22,Left,Female,Male,Happy,0.9782594999996944,1.0
P03,22,Left,Female,Male,Happy,0.7346015999792144,1.0
P03,22,Left,Female,Female,Angry,1.1755756000056865,0.0
P03,22,Left,Female,Female,Happy,0.8785777000011876,1.0
P03,22,Left,Female,Female,Angry,0.9132034000358544,1.0
P03,22,Left,Female,Male,Angry,1.0948573999921791,1.0
P03,22,Left,Female,Female,Neutral,0.7933811999973841,1.0
P03,22,Left,Female,Male,Happy,0.8830824000178836,1.0
P03,22,Left,Female,Female,Neutral,0.7996106999926269,1.0
P03,22,Left,Female,Female,Happy,0.8736634000088088,1.0
P03,22,Left,Female,Female,Happy,0.5307672000490129,1.0
P03,22,Left,Female,Female,Neutral,0.5508027999894693,1.0
P03,22,Left,Female,Male,Happy,0.5618770999717526,1.0
P03,22,Left,Female,Female,Neutral,1.2483906999696046,0.0
P03,22,Left,Female,Female,Angry,1.0119058000273071,0.0
P03,22,Left,Female,Female,Neutral,0.7179983999812976,1.0
P03,22,Left,Female,Male,Neutral,0.7466775000211783,1.0
P03,22,Left,Female,Female,Neutral,1.1575895000132732,0.0
P03,22,Left,Female,Female,Happy,0.6333107999525964,1.0
P03,22,Left,Female,Male,Angry,1.327321499993559,1.0
P03,22,Left,Female,Female,Angry,1.0643949000514112,1.0
P03,22,Left,Female,Male,Happy,1.0613959000329487,1.0
P03,22,Left,Female,Male,Neutral,0.7417597000021487,1.0
P03,22,Left,Female,Male,Neutral,0.5048450999893248,1.0
P03,22,Left,Female,Female,Neutral,0.6432975000352599,1.0
P05,22,Right,Female,Female,Neutral,1.1914312000153586,1.0
P05,22,Right,Female,Female,Happy,0.6744681000709534,1.0
P05,22,Right,Female,Female,Happy,0.6126697999425232,1.0
P05,22,Right,Female,Male,Angry,0.5265687999781221,1.0
P05,22,Right,Female,Female,Happy,0.526769999996759,1.0
P05,22,Right,Female,Male,Angry,0.5131728000706062,1.0
P05,22,Right,Female,Male,Neutral,0.5577395999571308,1.0
P05,22,Right,Female,Female,Angry,0.8290031999349594,0.0
P05,22,Right,Female,Female,Angry,0.745826099999249,1.0
P05,22,Right,Female,Female,Angry,1.2237200998933986,0.0
P05,22,Right,Female,Male,Angry,0.6405346000101417,1.0
P05,22,Right,Female,Male,Happy,0.5951630999334157,1.0
P05,22,Right,Female,Male,Happy,0.658815799979493,1.0
P05,22,Right,Female,Female,Neutral,0.6111271000700071,1.0
P05,22,Right,Female,Female,Neutral,0.6010694999713451,1.0
P05,22,Right,Female,Male,Neutral,0.5731511999620125,1.0
P05,22,Right,Female,Male,Angry,0.5237956999335438,1.0
P05,22,Right,Female,Female,Angry,0.5565972001058981,1.0
P05,22,Right,Female,Male,Neutral,0.4691383000463247,1.0
P05,22,Right,Female,Male,Neutral,1.6235413000686094,0.0
P05,22,Right,Female,Male,Angry,0.6734623999800533,1.0
P05,22,Right,Female,Female,Happy,1.5076860999688506,1.0
P05,22,Right,Female,Female,Angry,0.6638851000461727,1.0
P05,22,Right,Female,Male,Angry,0.5023118000244722,1.0
P05,22,Right,Female,Female,Happy,0.849575600004755,1.0
P05,22,Right,Female,Female,Angry,0.8343410999514163,1.0
P05,22,Right,Female,Male,Angry,1.300364200025797,1.0
P05,22,Right,Female,Male,Neutral,2.0873278999933973,1.0
P05,22,Right,Female,Male,Happy,0.7351546999998391,1.0
P05,22,Right,Female,Male,Neutral,0.4735546000301838,1.0
P05,22,Right,Female,Female,Angry,0.8560292999027297,1.0
P05,22,Right,Female,Female,Happy,1.1852147000608966,1.0
P05,22,Right,Female,Male,Neutral,0.5974370999028906,1.0
P05,22,Right,Female,Female,Neutral,0.7381449999520555,1.0
P05,22,Right,Female,Female,Angry,1.1056224000640211,1.0
P05,22,Right,Female,Female,Neutral,1.7583610999863597,1.0
P05,22,Right,Female,Male,Neutral,0.9355823000660166,0.0
P05,22,Right,Female,Female,Neutral,1.0500206999713555,1.0
P05,22,Right,Female,Female,Happy,0.5768944000592455,1.0
P05,22,Right,Female,Female,Angry,0.817729500005953,1.0
P05,22,Right,Female,Male,Neutral,0.636470100027509,1.0
P05,22,Right,Female,Female,Happy,0.7422665000194684,1.0
P05,22,Right,Female,Male,Happy,1.17984780005645,1.0
P05,22,Right,Female,Male,Angry,0.5308004999533296,1.0
P05,22,Right,Female,Female,Neutral,0.6200919999973848,1.0
P05,22,Right,Female,Male,Happy,0.5558712999336421,1.0
P05,22,Right,Female,Male,Neutral,0.908320099930279,1.0
P05,22,Right,Female,Male,Angry,0.5200037000468001,1.0
P05,22,Right,Female,Female,Happy,0.6084794000489637,1.0
P05,22,Right,Female,Female,Neutral,0.5034964999649674,1.0
P05,22,Right,Female,Male,Angry,0.6124088999349624,1.0
P05,22,Right,Female,Male,Angry,0.6698015000438318,1.0
P05,22,Right,Female,Male,Happy,0.4592143000336364,1.0
P05,22,Right,Female,Female,Neutral,0.9074347999412566,1.0
P05,22,Right,Female,Female,Angry,0.7306247000815347,1.0
P05,22,Right,Female,Male,Angry,0.5297686000121757,1.0
P05,22,Right,Female,Male,Neutral,0.5885027999756858,1.0
P05,22,Right,Female,Male,Happy,0.7101392999757081,1.0
P05,22,Right,Female,Male,Angry,0.5012010000646114,1.0
P05,22,Right,Female,Female,Happy,0.6010233999695629,1.0
P05,22,Right,Female,Male,Neutral,1.2773511999985203,1.0
P05,22,Right,Female,Female,Angry,0.831073599983938,1.0
P05,22,Right,Female,Male,Happy,0.9563576000509784,1.0
P05,22,Right,Female,Female,Neutral,1.2778452000347895,0.0
P05,22,Right,Female,Male,Happy,0.6758410000475124,1.0
P05,22,Right,Female,Female,Happy,1.1189037000294777,1.0
P05,22,Right,Female,Male,Neutral,1.5275475999806076,1.0
P05,22,Right,Female,Male,Angry,0.850144200026989,1.0
P05,22,Right,Female,Male,Neutral,0.790841200039722,1.0
P05,22,Right,Female,Male,Neutral,0.8110252999467775,1.0
P05,22,Right,Female,Male,Happy,0.6686075999168679,0.0
P05,22,Right,Female,Female,Happy,0.6716581999789923,1.0
P05,22,Right,Female,Male,Happy,0.5676748000551015,1.0
P05,22,Right,Female,Female,Neutral,0.6498428999911994,1.0
P05,22,Right,Female,Male,Happy,0.7263792000012472,1.0
P05,22,Right,Female,Female,Angry,0.635721099912189,0.0
P05,22,Right,Female,Male,Angry,0.7724621000234038,1.0
P05,22,Right,Female,Female,Neutral,0.7678490000544116,1.0
P05,22,Right,Female,Male,Happy,0.6235629000002518,1.0
P05,22,Right,Female,Male,Angry,0.7427880000323057,1.0
P05,22,Right,Female,Female,Angry,0.8919738999102265,1.0
P05,22,Right,Female,Female,Angry,0.8758002000395209,1.0
P05,22,Right,Female,Male,Angry,1.5497861000476405,1.0
P05,22,Right,Female,Female,Angry,0.6402595000108704,1.0
P05,22,Right,Female,Male,Neutral,0.678697400027886,1.0
P05,22,Right,Female,Female,Happy,1.160115999984555,1.0
P05,22,Right,Female,Male,Angry,0.7940297999884933,1.0
P05,22,Right,Female,Female,Happy,0.7377764999400824,1.0
P05,22,Right,Female,Female,Neutral,0.5921207000501454,1.0
P05,22,Right,Female,Male,Happy,1.7230346000287682,1.0
P05,22,Right,Female,Male,Happy,0.9211868999991566,1.0
P05,22,Right,Female,Female,Happy,1.0591773999622092,1.0
P05,22,Right,Female,Female,Angry,1.1521492000902072,1.0
P05,22,Right,Female,Female,Happy,0.8585793999955058,1.0
P05,22,Right,Female,Male,Neutral,1.2772090999642387,1.0
P05,22,Right,Female,Male,Happy,0.7441437999950722,1.0
P05,22,Right,Female,Male,Happy,0.712720499956049,1.0
P05,22,Right,Female,Female,Angry,0.5799754000036046,1.0
P05,22,Right,Female,Female,Happy,0.6496524999383837,1.0
P05,22,Right,Female,Female,Angry,0.7309391999151558,1.0
P05,22,Right,Female,Male,Angry,0.6207829000195488,1.0
P05,22,Right,Female,Female,Neutral,0.6309171000029892,1.0
P05,22,Right,Female,Male,Happy,0.641022099996917,1.0
P05,22,Right,Female,Female,Neutral,0.6945499000139534,1.0
P05,22,Right,Female,Female,Happy,0.6134229999734089,1.0
P05,22,Right,Female,Female,Happy,0.5895189000293612,1.0
P05,22,Right,Female,Female,Neutral,0.5420288000022992,1.0
P05,22,Right,Female,Male,Happy,0.6247927999356762,1.0
P05,22,Right,Female,Female,Neutral,0.9055142999859528,1.0
P05,22,Right,Female,Female,Angry,1.8370865999022497,1.0
P05,22,Right,Female,Female,Neutral,0.5430167999584228,1.0
P05,22,Right,Female,Male,Neutral,0.5609908000333235,1.0
P05,22,Right,Female,Female,Neutral,0.9409453000407666,1.0
P05,22,Right,Female,Female,Happy,0.8600041999015957,1.0
P05,22,Right,Female,Male,Angry,0.4817897999892011,1.0
P05,22,Right,Female,Female,Angry,0.9756123999832198,1.0
P05,22,Right,Female,Male,Happy,0.7283519000047818,1.0
P05,22,Right,Female,Male,Neutral,0.6893906000768766,1.0
P05,22,Right,Female,Male,Neutral,0.5767320999875665,1.0
P05,22,Right,Female,Female,Neutral,0.5525777000002563,1.0
P06,24,Right,Male,Female,Neutral,1.369910900015384,1.0
P06,24,Right,Male,Female,Happy,1.2710972999921069,1.0
P06,24,Right,Male,Female,Happy,0.976185799925588,1.0
P06,24,Right,Male,Male,Angry,0.6241745000006631,1.0
P06,24,Right,Male,Female,Happy,0.5613099000183865,1.0
P06,24,Right,Male,Male,Angry,0.5272323999088258,1.0
P06,24,Right,Male,Male,Neutral,0.5388698000460863,1.0
P06,24,Right,Male,Female,Angry,0.81164249998983,0.0
P06,24,Right,Male,Female,Angry,0.551386300008744,1.0
P06,24,Right,Male,Female,Angry,0.9079153999919072,1.0
P06,24,Right,Male,Male,Angry,0.504676099983044,1.0
P06,24,Right,Male,Male,Happy,0.5859003999503329,1.0
P06,24,Right,Male,Male,Happy,0.5129416000563651,1.0
P06,24,Right,Male,Female,Neutral,0.5080489000538364,1.0
P06,24,Right,Male,Female,Neutral,0.6106995999580249,1.0
P06,24,Right,Male,Male,Neutral,0.6263620998943225,1.0
P06,24,Right,Male,Male,Angry,0.4779768999433145,1.0
P06,24,Right,Male,Female,Angry,0.5802621999755502,1.0
P06,24,Right,Male,Male,Neutral,0.5355045000324026,1.0
P06,24,Right,Male,Male,Neutral,0.8220624999376014,1.0
P06,24,Right,Male,Male,Angry,0.7493510999483988,1.0
P06,24,Right,Male,Female,Happy,0.7331078000133857,1.0
P06,24,Right,Male,Female,Angry,0.5712172000203282,1.0
P06,24,Right,Male,Male,Angry,0.6116737000411376,1.0
P06,24,Right,Male,Female,Happy,0.5830941000021994,1.0
P06,24,Right,Male,Female,Angry,0.5372424999950454,1.0
P06,24,Right,Male,Male,Angry,0.7230244999518618,1.0
P06,24,Right,Male,Male,Neutral,0.894121800083667,1.0
P06,24,Right,Male,Male,Happy,0.6197429000167176,1.0
P06,24,Right,Male,Male,Neutral,0.6448719000909477,1.0
P06,24,Right,Male,Female,Angry,0.7251567000057548,0.0
P06,24,Right,Male,Female,Happy,1.609020599978976,1.0
P06,24,Right,Male,Male,Neutral,0.5827645000535995,1.0
P06,24,Right,Male,Female,Neutral,1.1337894001044333,1.0
P06,24,Right,Male,Female,Angry,1.1406132000265643,0.0
P06,24,Right,Male,Female,Neutral,0.5993859999580309,1.0
P06,24,Right,Male,Male,Neutral,0.6908019999973476,1.0
P06,24,Right,Male,Female,Neutral,0.8857435999670997,1.0
P06,24,Right,Male,Female,Happy,1.0625354000367224,1.0
P06,24,Right,Male,Female,Angry,0.5854206000221893,1.0
P06,24,Right,Male,Male,Neutral,0.7898235999746248,1.0
P06,24,Right,Male,Female,Happy,1.8267348000081256,1.0
P06,24,Right,Male,Male,Happy,0.5848776999628171,1.0
P06,24,Right,Male,Male,Angry,0.6637104999972507,1.0
P06,24,Right,Male,Female,Neutral,0.7232112999772653,1.0
P06,24,Right,Male,Male,Happy,0.7007507999660447,1.0
P06,24,Right,Male,Male,Neutral,0.6805583999957889,1.0
P06,24,Right,Male,Male,Angry,0.6263359999284148,1.0
P06,24,Right,Male,Female,Happy,0.98000320000574,1.0
P06,24,Right,Male,Female,Neutral,1.1954017999814823,1.0
P06,24,Right,Male,Male,Angry,1.0098078000592068,1.0
P06,24,Right,Male,Male,Angry,0.9031201000325382,1.0
P06,24,Right,Male,Male,Happy,0.5830470999935642,1.0
P06,24,Right,Male,Female,Neutral,1.1668925000121817,1.0
P06,24,Right,Male,Female,Angry,2.546938499901444,1.0
P06,24,Right,Male,Male,Angry,1.0088027999736369,1.0
P06,24,Right,Male,Male,Neutral,0.7621178000699729,1.0
P06,24,Right,Male,Male,Happy,0.7083728000288829,1.0
P06,24,Right,Male,Male,Angry,1.0535258000018075,1.0
P06,24,Right,Male,Female,Happy,0.9081095999572426,1.0
P06,24,Right,Male,Male,Neutral,1.0126566000981256,1.0
P06,24,Right,Male,Female,Angry,0.8076778999529779,1.0
P06,24,Right,Male,Male,Happy,0.9515426000580192,1.0
P06,24,Right,Male,Female,Neutral,2.897314300062135,0.0
P06,24,Right,Male,Male,Happy,0.5495663000037894,1.0
P06,24,Right,Male,Female,Happy,1.028259600047022,1.0
P06,24,Right,Male,Male,Neutral,0.6578503000782803,1.0
P06,24,Right,Male,Male,Angry,0.6810539000434801,1.0
P06,24,Right,Male,Male,Neutral,0.6783789000473917,1.0
P06,24,Right,Male,Male,Neutral,0.6413777000270784,1.0
P06,24,Right,Male,Male,Happy,0.821517699980177,1.0
P06,24,Right,Male,Female,Happy,0.5728313999716192,1.0
P06,24,Right,Male,Male,Happy,0.8306104999501258,1.0
P06,24,Right,Male,Female,Neutral,2.139651700039394,1.0
P06,24,Right,Male,Male,Happy,1.0987323999870569,1.0
P06,24,Right,Male,Female,Angry,0.7908215000061318,0.0
P06,24,Right,Male,Male,Angry,1.1051841999869794,1.0
P06,24,Right,Male,Female,Neutral,0.7239172999979928,1.0
P06,24,Right,Male,Male,Happy,0.9396671999711544,1.0
P06,24,Right,Male,Male,Angry,0.6157983000157401,1.0
P06,24,Right,Male,Female,Angry,0.6302136000012979,1.0
P06,24,Right,Male,Female,Angry,1.2476791999069974,1.0
P06,24,Right,Male,Male,Angry,1.0204892000183463,1.0
P06,24,Right,Male,Female,Angry,0.7906930999597535,1.0
P06,24,Right,Male,Male,Neutral,0.619983599986881,1.0
P06,24,Right,Male,Female,Happy,0.7179270000196993,1.0
P06,24,Right,Male,Male,Angry,0.487838500062935,1.0
P06,24,Right,Male,Female,Happy,0.8588230999885127,1.0
P06,24,Right,Male,Female,Neutral,0.6799868000671268,1.0
P06,24,Right,Male,Male,Happy,1.374796699965373,1.0
P06,24,Right,Male,Male,Happy,0.5558820000151172,1.0
P06,24,Right,Male,Female,Happy,0.5777340000495315,1.0
P06,24,Right,Male,Female,Angry,0.7380866000894457,1.0
P06,24,Right,Male,Female,Happy,0.5150972000556067,1.0
P06,24,Right,Male,Male,Neutral,0.588042699964717,1.0
P06,24,Right,Male,Male,Happy,0.4647748999996111,1.0
P06,24,Right,Male,Male,Happy,0.5741066000191495,1.0
P06,24,Right,Male,Female,Angry,0.8172805000795051,1.0
P06,24,Right,Male,Female,Happy,0.686463600024581,1.0
P06,24,Right,Male,Female,Angry,0.683728399919346,1.0
P06,24,Right,Male,Male,Angry,0.4807743999408558,1.0
P06,24,Right,Male,Female,Neutral,0.7806116999126971,1.0
P06,24,Right,Male,Male,Happy,0.5941988000413403,1.0
P06,24,Right,Male,Female,Neutral,0.81320410000626,1.0
P06,24,Right,Male,Female,Happy,0.6811750000342727,1.0
P06,24,Right,Male,Female,Happy,0.9475759000051768,1.0
P06,24,Right,Male,Female,Neutral,0.5956902999896556,1.0
P06,24,Right,Male,Male,Happy,0.5435077999718487,1.0
P06,24,Right,Male,Female,Neutral,1.9977753000566736,1.0
P06,24,Right,Male,Female,Angry,0.744127600104548,1.0
P06,24,Right,Male,Female,Neutral,0.4794516999972984,1.0
P06,24,Right,Male,Male,Neutral,0.7535315999994054,1.0
P06,24,Right,Male,Female,Neutral,0.8975082000251859,1.0
P06,24,Right,Male,Female,Happy,0.6309248999459669,1.0
P06,24,Right,Male,Male,Angry,0.6865491999778897,1.0
P06,24,Right,Male,Female,Angry,0.7092397999949753,1.0
P06,24,Right,Male,Male,Happy,1.186903199995868,1.0
P06,24,Right,Male,Male,Neutral,0.6330359000712633,1.0
P06,24,Right,Male,Male,Neutral,0.580322099965997,1.0
P06,24,Right,Male,Female,Neutral,0.6580423000268638,1.0
P07,24,Right,Male,Female,Neutral,1.934490199899301,1.0
P07,24,Right,Male,Female,Happy,0.8921241000061855,1.0
P07,24,Right,Male,Female,Happy,0.6789739999221638,1.0
P07,24,Right,Male,Male,Angry,0.6948217999888584,1.0
P07,24,Right,Male,Female,Happy,0.6239116000942886,1.0
P07,24,Right,Male,Male,Angry,0.6658478999743238,1.0
P07,24,Right,Male,Male,Neutral,0.7628982000751421,1.0
P07,24,Right,Male,Female,Angry,0.7570342000108212,0.0
P07,24,Right,Male,Female,Angry,0.6964695000788197,1.0
P07,24,Right,Male,Female,Angry,0.7900010000448674,1.0
P07,24,Right,Male,Male,Angry,0.5666961000533774,1.0
P07,24,Right,Male,Male,Happy,0.9279390000738204,1.0
P07,24,Right,Male,Male,Happy,0.6050500000128523,1.0
P07,24,Right,Male,Female,Neutral,0.6080306000076234,1.0
P07,24,Right,Male,Female,Neutral,0.8377771000377834,1.0
P07,24,Right,Male,Male,Neutral,0.5858611000003293,1.0
P07,24,Right,Male,Male,Angry,0.5807671999791637,0.0
P07,24,Right,Male,Female,Angry,0.7895388000179082,1.0
P07,24,Right,Male,Male,Neutral,1.1365916999056935,1.0
P07,24,Right,Male,Male,Neutral,0.7038026000373065,0.0
P07,24,Right,Male,Male,Angry,0.812773699988611,1.0
P07,24,Right,Male,Female,Happy,0.7688628000905737,1.0
P07,24,Right,Male,Female,Angry,0.5372774000279605,1.0
P07,24,Right,Male,Male,Angry,0.6645416000392288,1.0
P07,24,Right,Male,Female,Happy,0.6180787000339478,1.0
P07,24,Right,Male,Female,Angry,1.1014657000778243,1.0
P07,24,Right,Male,Male,Angry,0.6041222999338061,0.0
P07,24,Right,Male,Male,Neutral,0.7834855999099091,0.0
P07,24,Right,Male,Male,Happy,0.5447759999660775,1.0
P07,24,Right,Male,Male,Neutral,0.6655732999788597,1.0
P07,24,Right,Male,Female,Angry,0.6722176999319345,1.0
P07,24,Right,Male,Female,Happy,0.9227535999380052,1.0
P07,24,Right,Male,Male,Neutral,0.7147259999765083,1.0
P07,24,Right,Male,Female,Neutral,0.9674554000375792,1.0
P07,24,Right,Male,Female,Angry,0.5619750000769272,1.0
P07,24,Right,Male,Female,Neutral,0.6248261000728235,1.0
P07,24,Right,Male,Male,Neutral,0.7972356000682339,1.0
P07,24,Right,Male,Female,Neutral,0.8141208000015467,1.0
P07,24,Right,Male,Female,Happy,0.6322230000514537,1.0
P07,24,Right,Male,Female,Angry,0.5754514000145718,1.0
P07,24,Right,Male,Male,Neutral,0.6048366000177339,1.0
P07,24,Right,Male,Female,Happy,1.1052250999491662,1.0
P07,24,Right,Male,Male,Happy,0.6398001000052318,1.0
P07,24,Right,Male,Male,Angry,1.0350474000442773,1.0
P07,24,Right,Male,Female,Neutral,0.5680372999049723,1.0
P07,24,Right,Male,Male,Happy,0.7916822000406682,1.0
P07,24,Right,Male,Male,Neutral,1.4691796000115571,0.0
P07,24,Right,Male,Male,Angry,0.5541076000081375,1.0
P07,24,Right,Male,Female,Happy,0.6711204999592155,1.0
P07,24,Right,Male,Female,Neutral,0.7548070999328047,1.0
P07,24,Right,Male,Male,Angry,1.447733600041829,1.0
P07,24,Right,Male,Male,Angry,0.9919321000343188,0.0
P07,24,Right,Male,Male,Happy,0.5778863000450656,1.0
P07,24,Right,Male,Female,Neutral,0.5881984999869019,1.0
P07,24,Right,Male,Female,Angry,0.5667301999637857,1.0
P07,24,Right,Male,Male,Angry,0.7164215000811964,1.0
P07,24,Right,Male,Male,Neutral,0.6246561000589281,1.0
P07,24,Right,Male,Male,Happy,0.5463948000688106,1.0
P07,24,Right,Male,Male,Angry,0.4528829000191763,1.0
P07,24,Right,Male,Female,Happy,0.5462806000141427,1.0
P07,24,Right,Male,Male,Neutral,0.8519925998989493,1.0
P07,24,Right,Male,Female,Angry,0.6769138999516144,1.0
P07,24,Right,Male,Male,Happy,0.7283380998997018,1.0
P07,24,Right,Male,Female,Neutral,0.7240951999556273,1.0
P07,24,Right,Male,Male,Happy,0.6148002999834716,1.0
P07,24,Right,Male,Female,Happy,0.6948086000047624,1.0
P07,24,Right,Male,Male,Neutral,0.698969200020656,1.0
P07,24,Right,Male,Male,Angry,0.7982004000805318,1.0
P07,24,Right,Male,Male,Neutral,0.6813948999624699,1.0
P07,24,Right,Male,Male,Neutral,0.9042824000352994,1.0
P07,24,Right,Male,Male,Happy,1.3963300000177696,0.0
P07,24,Right,Male,Female,Happy,1.0897126999916509,1.0
P07,24,Right,Male,Male,Happy,0.6028021000092849,1.0
P07,24,Right,Male,Female,Neutral,0.7835941000375897,1.0
P07,24,Right,Male,Male,Happy,1.1333009999943895,1.0
P07,24,Right,Male,Female,Angry,1.362902699969709,0.0
P07,24,Right,Male,Male,Angry,1.0523610000964254,1.0
P07,24,Right,Male,Female,Neutral,0.576121799997054,1.0
P07,24,Right,Male,Male,Happy,1.7103800000622869,1.0
P07,24,Right,Male,Male,Angry,1.0110048999777064,1.0
P07,24,Right,Male,Female,Angry,0.6763027000706643,1.0
P07,24,Right,Male,Female,Angry,1.483312000054866,0.0
P07,24,Right,Male,Male,Angry,1.3945452000480143,1.0
P07,24,Right,Male,Female,Angry,2.4434970000293106,1.0
P07,24,Right,Male,Male,Neutral,2.3355904000345618,1.0
P07,24,Right,Male,Female,Happy,0.7097661000443622,1.0
P07,24,Right,Male,Male,Angry,0.8085889000212774,1.0
P07,24,Right,Male,Female,Happy,0.556233000010252,1.0
P07,24,Right,Male,Female,Neutral,1.0550645000766965,1.0
P07,24,Right,Male,Male,Happy,0.8722391999326646,1.0
P07,24,Right,Male,Male,Happy,1.164496699930169,1.0
P07,24,Right,Male,Female,Happy,2.1418370999163017,1.0
P07,24,Right,Male,Female,Angry,1.56172300002072,1.0
P07,24,Right,Male,Female,Happy,2.844547800021246,1.0
P07,24,Right,Male,Male,Neutral,0.43506950000301,0.0
P07,24,Right,Male,Male,Happy,0.944085199967958,1.0
P07,24,Right,Male,Male,Happy,1.2766822000266984,1.0
P07,24,Right,Male,Female,Angry,1.272357099922374,1.0
P07,24,Right,Male,Female,Happy,0.6951215999433771,1.0
P07,24,Right,Male,Female,Angry,1.480733299977146,1.0
P07,24,Right,Male,Male,Angry,0.6701813000254333,1.0
P07,24,Right,Male,Female,Neutral,1.381752800079994,1.0
P07,24,Right,Male,Male,Happy,0.7277029000688344,1.0
P07,24,Right,Male,Female,Neutral,0.6224448999855667,1.0
P07,24,Right,Male,Female,Happy,0.8363739000633359,1.0
P07,24,Right,Male,Female,Happy,1.051020700018853,1.0
P07,24,Right,Male,Female,Neutral,0.5437200999585912,1.0
P07,24,Right,Male,Male,Happy,0.6748507999582216,1.0
P07,24,Right,Male,Female,Neutral,1.424567100009881,1.0
P07,24,Right,Male,Female,Angry,1.1170762999681756,1.0
P07,24,Right,Male,Female,Neutral,0.8223430999787524,1.0
P07,24,Right,Male,Male,Neutral,1.062897800002247,1.0
P07,24,Right,Male,Female,Neutral,1.024249800015241,1.0
P07,24,Right,Male,Female,Happy,0.6332441000267863,1.0
P07,24,Right,Male,Male,Angry,0.6750053999712691,1.0
P07,24,Right,Male,Female,Angry,0.6352552000898868,1.0
P07,24,Right,Male,Male,Happy,0.794250899925828,1.0
P07,24,Right,Male,Male,Neutral,0.9565386000322178,1.0
P07,24,Right,Male,Male,Neutral,0.6439775999169797,1.0
P07,24,Right,Male,Female,Neutral,0.7164383999770507,1.0
P08,22,Right,Female,Female,Neutral,5.060575700132176,1.0
P08,22,Right,Female,Female,Happy,1.3831654998939484,1.0
P08,22,Right,Female,Female,Happy,1.964448400074616,1.0
P08,22,Right,Female,Male,Angry,1.055023099994287,1.0
P08,22,Right,Female,Female,Happy,0.8176318001933396,1.0
P08,22,Right,Female,Male,Angry,0.6187473000027239,1.0
P08,22,Right,Female,Male,Neutral,1.815441600047052,1.0
P08,22,Right,Female,Female,Angry,1.4438330000266433,0.0
P08,22,Right,Female,Female,Angry,3.4642817999701947,1.0
P08,22,Right,Female,Female,Angry,1.5210690998937937,1.0
P08,22,Right,Female,Male,Angry,1.009060800075531,1.0
P08,22,Right,Female,Male,Happy,1.1306222998537123,1.0
P08,22,Right,Female,Male,Happy,1.066398800117895,1.0
P08,22,Right,Female,Female,Neutral,1.383483499987051,1.0
P08,22,Right,Female,Female,Neutral,0.7870521999429911,1.0
P08,22,Right,Female,Male,Neutral,0.6825470000039786,1.0
P08,22,Right,Female,Male,Angry,0.8892453000880778,1.0
P08,22,Right,Female,Female,Angry,0.958691000007093,1.0
P08,22,Right,Female,Male,Neutral,1.8387893000617623,1.0
P08,22,Right,Female,Male,Neutral,1.7496682999189943,0.0
P08,22,Right,Female,Male,Angry,0.989718799944967,1.0
P08,22,Right,Female,Female,Happy,0.7345232998486608,1.0
P08,22,Right,Female,Female,Angry,1.7804983998648822,1.0
P08,22,Right,Female,Male,Angry,0.745009400183335,1.0
P08,22,Right,Female,Female,Happy,0.6378518999554217,1.0
P08,22,Right,Female,Female,Angry,2.9335997998714447,1.0
P08,22,Right,Female,Male,Angry,6.0723301998805255,1.0
P08,22,Right,Female,Male,Neutral,7.041561899939552,1.0
P08,22,Right,Female,Male,Happy,0.8770270000677556,1.0
P08,22,Right,Female,Male,Neutral,0.856890199938789,1.0
P08,22,Right,Female,Female,Angry,2.3632022000383586,1.0
P08,22,Right,Female,Female,Happy,0.7835375000722706,1.0
P08,22,Right,Female,Male,Neutral,0.8141580999363214,1.0
P08,22,Right,Female,Female,Neutral,0.753424399998039,1.0
P08,22,Right,Female,Female,Angry,0.6264438000507653,1.0
P08,22,Right,Female,Female,Neutral,0.6126192999072373,1.0
P08,22,Right,Female,Male,Neutral,0.6041753999888897,0.0
P08,22,Right,Female,Female,Neutral,0.957692600088194,1.0
P08,22,Right,Female,Female,Happy,0.5029099001549184,1.0
P08,22,Right,Female,Female,Angry,0.489072100026533,1.0
P08,22,Right,Female,Male,Neutral,0.6735415000002831,1.0
P08,22,Right,Female,Female,Happy,0.8264107999857515,1.0
P08,22,Right,Female,Male,Happy,1.401314000133425,1.0
P08,22,Right,Female,Male,Angry,0.5776147998403758,1.0
P08,22,Right,Female,Female,Neutral,0.6528757000342011,1.0
P08,22,Right,Female,Male,Happy,1.4816745999269187,1.0
P08,22,Right,Female,Male,Neutral,1.2359867999330163,0.0
P08,22,Right,Female,Male,Angry,3.3822662997990847,1.0
P08,22,Right,Female,Female,Happy,0.8627098000142723,1.0
P08,22,Right,Female,Female,Neutral,0.628725599963218,1.0
P08,22,Right,Female,Male,Angry,4.357328899903223,0.0
P08,22,Right,Female,Male,Angry,1.4152538001071662,1.0
P08,22,Right,Female,Male,Happy,1.095887300092727,0.0
P08,22,Right,Female,Female,Neutral,2.1899794000200927,1.0
P08,22,Right,Female,Female,Angry,4.443366599967703,1.0
P08,22,Right,Female,Male,Angry,3.777652099961415,1.0
P08,22,Right,Female,Male,Neutral,0.7135185999795794,1.0
P08,22,Right,Female,Male,Happy,0.7437167998868972,1.0
P08,22,Right,Female,Male,Angry,1.218229100108147,1.0
P08,22,Right,Female,Female,Happy,0.7847454000730067,1.0
P08,22,Right,Female,Male,Neutral,5.318427300080657,1.0
P08,22,Right,Female,Female,Angry,0.6782537000253797,1.0
P08,22,Right,Female,Male,Happy,1.622530900174752,1.0
P08,22,Right,Female,Female,Neutral,4.064615500159562,1.0
P08,22,Right,Female,Male,Happy,0.6773715000599623,1.0
P08,22,Right,Female,Female,Happy,2.4827501999679957,1.0
P08,22,Right,Female,Male,Neutral,0.8212040001526475,1.0
P08,22,Right,Female,Male,Angry,2.3530986001715064,1.0
P08,22,Right,Female,Male,Neutral,0.7857594001106918,1.0
P08,22,Right,Female,Male,Neutral,0.9068540001753718,1.0
P08,22,Right,Female,Male,Happy,1.135414300020784,0.0
P08,22,Right,Female,Female,Happy,3.96332379989326,1.0
P08,22,Right,Female,Male,Happy,0.9010846000164748,1.0
P08,22,Right,Female,Female,Neutral,0.726762400008738,1.0
P08,22,Right,Female,Male,Happy,1.869619500124827,1.0
P08,22,Right,Female,Female,Angry,0.7923304999712855,0.0
P08,22,Right,Female,Male,Angry,1.282439700094983,1.0
P08,22,Right,Female,Female,Neutral,0.6358198998495936,1.0
P08,22,Right,Female,Male,Happy,0.7955261999741197,1.0
P08,22,Right,Female,Male,Angry,1.5524599000345916,1.0
P08,22,Right,Female,Female,Angry,0.7635432998649776,1.0
P08,22,Right,Female,Female,Angry,0.9170367000624536,1.0
P08,22,Right,Female,Male,Angry,1.0524253000039607,1.0
P08,22,Right,Female,Female,Angry,0.8133225000929087,1.0
P08,22,Right,Female,Male,Neutral,0.703805899946019,1.0
P08,22,Right,Female,Female,Happy,0.7261861998122185,1.0
P08,22,Right,Female,Male,Angry,2.809494799934328,1.0
P08,22,Right,Female,Female,Happy,0.5987819998990744,1.0
P08,22,Right,Female,Female,Neutral,0.7144619999453425,1.0
P08,22,Right,Female,Male,Happy,0.821306899888441,1.0
P08,22,Right,Female,Male,Happy,0.8115093999076635,1.0
P08,22,Right,Female,Female,Happy,0.7324695000424981,1.0
P08,22,Right,Female,Female,Angry,0.9255434998776764,1.0
P08,22,Right,Female,Female,Happy,0.7443762999027967,1.0
P08,22,Right,Female,Male,Neutral,1.7213622000999749,1.0
P08,22,Right,Female,Male,Happy,0.838923699920997,1.0
P08,22,Right,Female,Male,Happy,0.5591179002076387,1.0
P08,22,Right,Female,Female,Angry,5.2358533998485655,1.0
P08,22,Right,Female,Female,Happy,0.91421419987455,1.0
P08,22,Right,Female,Female,Angry,0.8715093999635428,1.0
P08,22,Right,Female,Male,Angry,0.5727891998831183,1.0
P08,22,Right,Female,Female,Neutral,0.695749299833551,1.0
P08,22,Right,Female,Male,Happy,0.8475976998452097,1.0
P08,22,Right,Female,Female,Neutral,0.7279010000638664,1.0
P08,22,Right,Female,Female,Happy,3.192942199995741,1.0
P08,22,Right,Female,Female,Happy,0.4872315998654812,1.0
P08,22,Right,Female,Female,Neutral,0.444892100058496,1.0
P08,22,Right,Female,Male,Happy,0.5166760999709368,1.0
P08,22,Right,Female,Female,Neutral,5.9520051998551935,1.0
P08,22,Right,Female,Female,Angry,0.5985873001627624,1.0
P08,22,Right,Female,Female,Neutral,0.6385458998847753,1.0
P08,22,Right,Female,Male,Neutral,0.6720251000951976,1.0
P08,22,Right,Female,Female,Neutral,2.301603599917144,1.0
P08,22,Right,Female,Female,Happy,0.7503780999686569,1.0
P08,22,Right,Female,Male,Angry,4.499605600023642,1.0
P08,22,Right,Female,Female,Angry,0.9572241001296788,1.0
P08,22,Right,Female,Male,Happy,0.6402008000295609,0.0
P08,22,Right,Female,Male,Neutral,0.9039280998986214,1.0
P08,22,Right,Female,Male,Neutral,1.1230699000880122,1.0
P08,22,Right,Female,Female,Neutral,0.6160969000775367,1.0
P16,24,Right,Male,Female,Neutral,4.610206600045785,1.0
P16,24,Right,Male,Female,Happy,1.6961615999462083,0.0
P16,24,Right,Male,Female,Happy,0.6994519999716431,1.0
P16,24,Right,Male,Male,Angry,0.5213511000620201,1.0
P16,24,Right,Male,Female,Happy,0.4916489999741316,1.0
P16,24,Right,Male,Male,Angry,0.4418736000079661,1.0
P16,24,Right,Male,Male,Neutral,0.5432035999838263,1.0
P16,24,Right,Male,Female,Angry,1.0163550999714062,0.0
P16,24,Right,Male,Female,Angry,0.6012688000919297,1.0
P16,24,Right,Male,Female,Angry,1.0249888999387622,0.0
P16,24,Right,Male,Male,Angry,0.6771786999888718,1.0
P16,24,Right,Male,Male,Happy,0.8362102000974119,1.0
P16,24,Right,Male,Male,Happy,0.815302399918437,1.0
P16,24,Right,Male,Female,Neutral,0.680439000017941,1.0
P16,24,Right,Male,Female,Neutral,0.6488846999127418,1.0
P16,24,Right,Male,Male,Neutral,0.6884819000260904,1.0
P16,24,Right,Male,Male,Angry,0.5083430999657139,0.0
P16,24,Right,Male,Female,Angry,1.3661362000275403,1.0
P16,24,Right,Male,Male,Neutral,0.9253026000224054,1.0
P16,24,Right,Male,Male,Neutral,2.4599703999701887,0.0
P16,24,Right,Male,Male,Angry,1.1285202999133617,1.0
P16,24,Right,Male,Female,Happy,0.972598999971524,1.0
P16,24,Right,Male,Female,Angry,0.5614726999774575,1.0
P16,24,Right,Male,Male,Angry,0.7757358000380918,1.0
P16,24,Right,Male,Female,Happy,0.8163951999740675,1.0
P16,24,Right,Male,Female,Angry,1.0701564999762925,1.0
P16,24,Right,Male,Male,Angry,1.0182924000546336,0.0
P16,24,Right,Male,Male,Neutral,0.9844700000248848,0.0
P16,24,Right,Male,Male,Happy,0.6104550000745803,1.0
P16,24,Right,Male,Male,Neutral,1.7284985999576747,1.0
P16,24,Right,Male,Female,Angry,0.8245695999357849,1.0
P16,24,Right,Male,Female,Happy,0.8297387999482453,1.0
P16,24,Right,Male,Male,Neutral,0.9054653000785038,1.0
P16,24,Right,Male,Female,Neutral,0.745738000026904,1.0
P16,24,Right,Male,Female,Angry,0.9247671000193805,1.0
P16,24,Right,Male,Female,Neutral,0.713021699921228,1.0
P16,24,Right,Male,Male,Neutral,1.3512795000569895,1.0
P16,24,Right,Male,Female,Neutral,0.6891588000580668,1.0
P16,24,Right,Male,Female,Happy,0.5199015000835061,1.0
P16,24,Right,Male,Female,Angry,0.4196090999757871,1.0
P16,24,Right,Male,Male,Neutral,0.3534336999291554,0.0
P16,24,Right,Male,Female,Happy,1.0069873000029474,1.0
P16,24,Right,Male,Male,Happy,0.9551529999589548,1.0
P16,24,Right,Male,Male,Angry,0.7710649000946432,1.0
P16,24,Right,Male,Female,Neutral,0.707818099996075,1.0
P16,24,Right,Male,Male,Happy,0.977611100068316,1.0
P16,24,Right,Male,Male,Neutral,2.2095052000368014,0.0
P16,24,Right,Male,Male,Angry,1.6282551999902353,1.0
P16,24,Right,Male,Female,Happy,0.8960987000027671,1.0
P16,24,Right,Male,Female,Neutral,1.0501387999393046,1.0
P16,24,Right,Male,Male,Angry,1.4285486000590026,0.0
P16,24,Right,Male,Male,Angry,1.337892399984412,1.0
P16,24,Right,Male,Male,Happy,0.8478709999471903,1.0
P16,24,Right,Male,Female,Neutral,0.6568045999156311,1.0
P16,24,Right,Male,Female,Angry,0.9103084999369456,1.0
P16,24,Right,Male,Male,Angry,0.9856095999712124,1.0
P16,24,Right,Male,Male,Neutral,0.9830574999796228,1.0
P16,24,Right,Male,Male,Happy,0.9672018999699504,1.0
P16,24,Right,Male,Male,Angry,0.7263998000416905,1.0
P16,24,Right,Male,Female,Happy,0.5678408000385389,1.0
P16,24,Right,Male,Male,Neutral,2.247611499973573,1.0
P16,24,Right,Male,Female,Angry,0.6676602000370622,1.0
P16,24,Right,Male,Male,Happy,0.9127681999234484,1.0
P16,24,Right,Male,Female,Neutral,0.5899971999460831,1.0
P16,24,Right,Male,Male,Happy,0.5905338000738993,1.0
P16,24,Right,Male,Female,Happy,0.5129304999718443,1.0
P16,24,Right,Male,Male,Neutral,0.5865247000474483,1.0
P16,24,Right,Male,Male,Angry,0.8077000000048429,1.0
P16,24,Right,Male,Male,Neutral,0.6732540000230074,1.0
P16,24,Right,Male,Male,Neutral,0.8586950999451801,1.0
P16,24,Right,Male,Male,Happy,0.945106599945575,1.0
P16,24,Right,Male,Female,Happy,0.9523662999272346,1.0
P16,24,Right,Male,Male,Happy,0.5827685999684036,1.0
P16,24,Right,Male,Female,Neutral,0.7751330999890342,1.0
P16,24,Right,Male,Male,Happy,0.8034604999702424,1.0
P16,24,Right,Male,Female,Angry,0.7778125000186265,0.0
P16,24,Right,Male,Male,Angry,0.5362423000624403,1.0
P16,24,Right,Male,Female,Neutral,0.7987724000122398,1.0
P16,24,Right,Male,Male,Happy,0.9573383000679314,1.0
P16,24,Right,Male,Male,Angry,0.8078607999486849,1.0
P16,24,Right,Male,Female,Angry,0.7135183000937104,1.0
P16,24,Right,Male,Female,Angry,0.7366203999845311,0.0
P16,24,Right,Male,Male,Angry,0.7578033999307081,1.0
P16,24,Right,Male,Female,Angry,0.6064035999588668,1.0
P16,24,Right,Male,Male,Neutral,0.5736914000008255,1.0
P16,24,Right,Male,Female,Happy,0.7020891000283882,1.0
P16,24,Right,Male,Male,Angry,0.9577591000124812,1.0
P16,24,Right,Male,Female,Happy,0.6977961000520736,1.0
P16,24,Right,Male,Female,Neutral,0.8322499999776483,1.0
P16,24,Right,Male,Male,Happy,1.5109836999326944,1.0
P16,24,Right,Male,Male,Happy,1.199734899913892,1.0
P16,24,Right,Male,Female,Happy,0.6093266999814659,1.0
P16,24,Right,Male,Female,Angry,1.020892100059427,1.0
P16,24,Right,Male,Female,Happy,0.8900454000104219,1.0
P16,24,Right,Male,Male,Neutral,1.313965899986215,1.0
P16,24,Right,Male,Male,Happy,1.7474319000029936,1.0
P16,24,Right,Male,Male,Happy,1.3005685000680387,1.0
P16,24,Right,Male,Female,Angry,0.7028566000517458,1.0
P16,24,Right,Male,Female,Happy,1.1711671000812205,1.0
P16,24,Right,Male,Female,Angry,0.6656226000050083,1.0
P16,24,Right,Male,Male,Angry,0.7458280000137165,1.0
P16,24,Right,Male,Female,Neutral,0.5768450000323355,1.0
P16,24,Right,Male,Male,Happy,1.0955674999859184,1.0
P16,24,Right,Male,Female,Neutral,0.588073099963367,1.0
P16,24,Right,Male,Female,Happy,0.9014795999974012,1.0
P16,24,Right,Male,Female,Happy,0.7475740999216214,1.0
P16,24,Right,Male,Female,Neutral,0.985014299978502,1.0
P16,24,Right,Male,Male,Happy,0.7586800999706611,1.0
P16,24,Right,Male,Female,Neutral,1.963790999958292,1.0
P16,24,Right,Male,Female,Angry,1.2346786999842152,1.0
P16,24,Right,Male,Female,Neutral,0.7787323000375181,1.0
P16,24,Right,Male,Male,Neutral,1.2613951000384986,1.0
P16,24,Right,Male,Female,Neutral,1.0534732000669464,1.0
P16,24,Right,Male,Female,Happy,0.935817899997346,1.0
P16,24,Right,Male,Male,Angry,0.8881383999250829,1.0
P16,24,Right,Male,Female,Angry,0.9647050000494346,1.0
P16,24,Right,Male,Male,Happy,1.0260382000124082,1.0
P16,24,Right,Male,Male,Neutral,0.7751723000546917,1.0
P16,24,Right,Male,Male,Neutral,0.623982600052841,1.0
P16,24,Right,Male,Female,Neutral,0.5865561000537127,1.0
P09,23,Left,Male,Female,Neutral,0.8719238999765366,1.0
P09,23,Left,Male,Female,Happy,0.7738980000140145,0.0
P09,23,Left,Male,Female,Happy,1.1474558000918478,1.0
P09,23,Left,Male,Male,Angry,0.7527488999767229,1.0
P09,23,Left,Male,Female,Happy,0.707551599945873,1.0
P09,23,Left,Male,Male,Angry,0.662809000001289,1.0
P09,23,Left,Male,Male,Neutral,0.565080999978818,1.0
P09,23,Left,Male,Female,Angry,1.3793542000930756,1.0
P09,23,Left,Male,Female,Angry,1.071002500015311,1.0
P09,23,Left,Male,Female,Angry,0.6857092999853194,0.0
P09,23,Left,Male,Male,Angry,0.6964734999928623,1.0
P09,23,Left,Male,Male,Happy,0.9227743999799712,1.0
P09,23,Left,Male,Male,Happy,0.6536437999457121,1.0
P09,23,Left,Male,Female,Neutral,0.8011107998900115,1.0
P09,23,Left,Male,Female,Neutral,0.6506088000023738,1.0
P09,23,Left,Male,Male,Neutral,0.623988899984397,1.0
P09,23,Left,Male,Male,Angry,0.6375832000048831,1.0
P09,23,Left,Male,Female,Angry,0.6310639000730589,1.0
P09,23,Left,Male,Male,Neutral,0.8768116999417543,1.0
P09,23,Left,Male,Male,Neutral,1.4973050999687985,0.0
P09,23,Left,Male,Male,Angry,0.7472588999662548,1.0
P09,23,Left,Male,Female,Happy,1.305315799894743,1.0
P09,23,Left,Male,Female,Angry,0.8385001999558881,1.0
P09,23,Left,Male,Male,Angry,0.8227683999575675,1.0
P09,23,Left,Male,Female,Happy,0.76344600005541,1.0
P09,23,Left,Male,Female,Angry,1.661209899932146,1.0
P09,23,Left,Male,Male,Angry,0.7611764000030234,1.0
P09,23,Left,Male,Male,Neutral,1.2164515999611467,0.0
P09,23,Left,Male,Male,Happy,0.776872199960053,1.0
P09,23,Left,Male,Male,Neutral,0.8566732000326738,1.0
P09,23,Left,Male,Female,Angry,1.311854699975811,1.0
P09,23,Left,Male,Female,Happy,0.6633297000080347,1.0
P09,23,Left,Male,Male,Neutral,1.010011599981226,1.0
P09,23,Left,Male,Female,Neutral,1.14038040000014,1.0
P09,23,Left,Male,Female,Angry,1.9965857999632133,1.0
P09,23,Left,Male,Female,Neutral,1.459495900082402,1.0
P09,23,Left,Male,Male,Neutral,0.5779039999470115,1.0
P09,23,Left,Male,Female,Neutral,0.7933833999559283,1.0
P09,23,Left,Male,Female,Happy,1.2055163000477478,1.0
P09,23,Left,Male,Female,Angry,0.7288996999850497,1.0
P09,23,Left,Male,Male,Neutral,0.5328238001093268,0.0
P09,23,Left,Male,Female,Happy,1.7490367999998853,1.0
P09,23,Left,Male,Male,Happy,0.5622162000508979,1.0
P09,23,Left,Male,Male,Angry,0.8065371999982744,1.0
P09,23,Left,Male,Female,Neutral,0.8389935999875888,1.0
P09,23,Left,Male,Male,Happy,0.6519909000489861,1.0
P09,23,Left,Male,Male,Neutral,1.4238646000158042,1.0
P09,23,Left,Male,Male,Angry,0.7828854999970645,1.0
P09,23,Left,Male,Female,Happy,1.1692617000080645,1.0
P09,23,Left,Male,Female,Neutral,1.3675909000448885,1.0
P09,23,Left,Male,Male,Angry,0.6149180999491364,1.0
P09,23,Left,Male,Male,Angry,0.6804333999752998,1.0
P09,23,Left,Male,Male,Happy,0.6255431999452412,1.0
P09,23,Left,Male,Female,Neutral,0.6047811000607908,1.0
P09,23,Left,Male,Female,Angry,2.1295979999704286,1.0
P09,23,Left,Male,Male,Angry,0.6736426999559626,1.0
P09,23,Left,Male,Male,Neutral,0.5724199999822304,1.0
P09,23,Left,Male,Male,Happy,0.5341253000078723,1.0
P09,23,Left,Male,Male,Angry,0.592307599959895,1.0
P09,23,Left,Male,Female,Happy,0.5412026999983937,1.0
P09,23,Left,Male,Male,Neutral,1.3372089000185952,1.0
P09,23,Left,Male,Female,Angry,2.142481299932115,1.0
P09,23,Left,Male,Male,Happy,0.5437569000059739,1.0
P09,23,Left,Male,Female,Neutral,0.5464484000112861,1.0
P09,23,Left,Male,Male,Happy,0.9577083999756724,1.0
P09,23,Left,Male,Female,Happy,0.6859866000013426,1.0
P09,23,Left,Male,Male,Neutral,0.8149806999135762,1.0
P09,23,Left,Male,Male,Angry,0.7324927999870852,1.0
P09,23,Left,Male,Male,Neutral,0.6659821000648662,1.0
P09,23,Left,Male,Male,Neutral,0.7489585999865085,1.0
P09,23,Left,Male,Male,Happy,2.5052301000105217,0.0
P09,23,Left,Male,Female,Happy,0.6833322999300435,1.0
P09,23,Left,Male,Male,Happy,0.7804214999778196,1.0
P09,23,Left,Male,Female,Neutral,0.7522288000909612,1.0
P09,23,Left,Male,Male,Happy,0.6511768000200391,1.0
P09,23,Left,Male,Female,Angry,1.5952985000330957,0.0
P09,23,Left,Male,Male,Angry,0.7128275000723079,1.0
P09,23,Left,Male,Female,Neutral,1.0574078999925405,1.0
P09,23,Left,Male,Male,Happy,1.232597199967131,1.0
P09,23,Left,Male,Male,Angry,1.969324400066398,1.0
P09,23,Left,Male,Female,Angry,0.7220570000354201,1.0
P09,23,Left,Male,Female,Angry,0.9382101999362932,0.0
P09,23,Left,Male,Male,Angry,1.0886341999284923,1.0
P09,23,Left,Male,Female,Angry,0.7837119000032544,0.0
P09,23,Left,Male,Male,Neutral,0.7488795999670401,1.0
P09,23,Left,Male,Female,Happy,0.661074300063774,1.0
P09,23,Left,Male,Male,Angry,0.5592856000876054,1.0
P09,23,Left,Male,Female,Happy,0.615118500078097,1.0
P09,23,Left,Male,Female,Neutral,0.8446222000056878,1.0
P09,23,Left,Male,Male,Happy,0.6550856000976637,1.0
P09,23,Left,Male,Male,Happy,0.9542475000489504,0.0
P09,23,Left,Male,Female,Happy,1.3234771999996156,1.0
P09,23,Left,Male,Female,Angry,1.1428939000470564,1.0
P09,23,Left,Male,Female,Happy,0.7032698000548407,0.0
P09,23,Left,Male,Male,Neutral,0.8283878000220284,1.0
P09,23,Left,Male,Male,Happy,1.6482998999999836,1.0
P09,23,Left,Male,Male,Happy,0.6523082999046892,1.0
P09,23,Left,Male,Female,Angry,0.9375658999197184,1.0
P09,23,Left,Male,Female,Happy,1.1824819999746978,1.0
P09,23,Left,Male,Female,Angry,1.7426694999448955,1.0
P09,23,Left,Male,Male,Angry,0.6548463999060914,1.0
P09,23,Left,Male,Female,Neutral,0.788827000069432,1.0
P09,23,Left,Male,Male,Happy,1.000474999891594,1.0
P09,23,Left,Male,Female,Neutral,0.6950595999369398,1.0
P09,23,Left,Male,Female,Happy,0.826140100019984,1.0
P09,23,Left,Male,Female,Happy,0.926597199984826,1.0
P09,23,Left,Male,Female,Neutral,0.6491573000093922,1.0
P09,23,Left,Male,Male,Happy,0.8076665999833494,1.0
P09,23,Left,Male,Female,Neutral,0.7956469999626279,0.0
P09,23,Left,Male,Female,Angry,0.6916218999540433,0.0
P09,23,Left,Male,Female,Neutral,0.7297374999616295,1.0
P09,23,Left,Male,Male,Neutral,1.1713288000319153,1.0
P09,23,Left,Male,Female,Neutral,1.019158800016157,1.0
P09,23,Left,Male,Female,Happy,1.637090599979274,1.0
P09,23,Left,Male,Male,Angry,0.6229052001144737,1.0
P09,23,Left,Male,Female,Angry,1.1086209999630228,1.0
P09,23,Left,Male,Male,Happy,1.2585408999584615,1.0
P09,23,Left,Male,Male,Neutral,0.7284148000180721,1.0
P09,23,Left,Male,Male,Neutral,0.6735068999696523,1.0
P09,23,Left,Male,Female,Neutral,0.708280099905096,1.0
P10,43,Right,Female,Female,Neutral,3.937714400002733,1.0
P10,43,Right,Female,Female,Happy,2.749518600059673,0.0
P10,43,Right,Female,Female,Happy,7.020108600030653,1.0
P10,43,Right,Female,Male,Angry,2.175587399979122,1.0
P10,43,Right,Female,Female,Happy,2.4692500999663025,1.0
P10,43,Right,Female,Male,Angry,1.3734893000219015,1.0
P10,43,Right,Female,Male,Neutral,1.1123433000175282,1.0
P10,43,Right,Female,Female,Angry,6.536707399995066,1.0
P10,43,Right,Female,Female,Angry,2.3393479000078514,1.0
P10,43,Right,Female,Female,Angry,7.420058300020173,0.0
P10,43,Right,Female,Male,Angry,0.9297170001082122,1.0
P10,43,Right,Female,Male,Happy,1.1583492999197915,1.0
P10,43,Right,Female,Male,Happy,1.1575896999565884,1.0
P10,43,Right,Female,Female,Neutral,2.626974899903871,1.0
P10,43,Right,Female,Female,Neutral,1.4498601000523197,1.0
P10,43,Right,Female,Male,Neutral,2.139383800094947,1.0
P10,43,Right,Female,Male,Angry,0.8814699000213295,1.0
P10,43,Right,Female,Female,Angry,2.9685968999983743,1.0
P10,43,Right,Female,Male,Neutral,1.8906545999925584,1.0
P10,43,Right,Female,Male,Neutral,7.533439800026827,1.0
P10,43,Right,Female,Male,Angry,3.427774399984628,1.0
P10,43,Right,Female,Female,Happy,1.5595731000648811,1.0
P10,43,Right,Female,Female,Angry,1.4769914000062272,1.0
P10,43,Right,Female,Male,Angry,1.4941122999880465,1.0
P10,43,Right,Female,Female,Happy,2.1710012999828905,1.0
P10,43,Right,Female,Female,Angry,3.764861400006339,1.0
P10,43,Right,Female,Male,Angry,2.011782299960032,1.0
P10,43,Right,Female,Male,Neutral,3.2105196999618784,1.0
P10,43,Right,Female,Male,Happy,0.7215418999549001,1.0
P10,43,Right,Female,Male,Neutral,1.5770965999690816,1.0
P10,43,Right,Female,Female,Angry,2.5186163000762463,1.0
P10,43,Right,Female,Female,Happy,1.2609022998949513,1.0
P10,43,Right,Female,Male,Neutral,1.447190299979411,1.0
P10,43,Right,Female,Female,Neutral,6.939145400072448,1.0
P10,43,Right,Female,Female,Angry,3.2605749999638647,1.0
P10,43,Right,Female,Female,Neutral,2.754934999975376,1.0
P10,43,Right,Female,Male,Neutral,1.360540400026366,1.0
P10,43,Right,Female,Female,Neutral,2.4672260000370443,1.0
P10,43,Right,Female,Female,Happy,3.813375600031577,1.0
P10,43,Right,Female,Female,Angry,1.9440502999350429,1.0
P10,43,Right,Female,Male,Neutral,2.0449251999380067,1.0
P10,43,Right,Female,Female,Happy,6.292692399933003,1.0
P10,43,Right,Female,Male,Happy,1.0209411000832915,1.0
P10,43,Right,Female,Male,Angry,0.7013645999832079,1.0
P10,43,Right,Female,Female,Neutral,2.678739700000733,1.0
P10,43,Right,Female,Male,Happy,1.232713200035505,1.0
P10,43,Right,Female,Male,Neutral,1.201252599945292,1.0
P10,43,Right,Female,Male,Angry,0.789358300040476,1.0
P10,43,Right,Female,Female,Happy,5.102344299899414,1.0
P10,43,Right,Female,Female,Neutral,4.3023751000873744,1.0
P10,43,Right,Female,Male,Angry,3.9600369000108913,1.0
P10,43,Right,Female,Male,Angry,1.874962899950333,1.0
P10,43,Right,Female,Male,Happy,0.9029061999171972,1.0
P10,43,Right,Female,Female,Neutral,2.9886231999844317,1.0
P10,43,Right,Female,Female,Angry,1.645064799929969,1.0
P10,43,Right,Female,Male,Angry,1.7112786999205127,1.0
P10,43,Right,Female,Male,Neutral,0.7373327999375761,1.0
P10,43,Right,Female,Male,Happy,1.6804335999768227,1.0
P10,43,Right,Female,Male,Angry,2.010853899992071,1.0
P10,43,Right,Female,Female,Happy,2.3966696000425145,1.0
P10,43,Right,Female,Male,Neutral,1.778930199914612,1.0
P10,43,Right,Female,Female,Angry,1.982326600002125,1.0
P10,43,Right,Female,Male,Happy,1.0795870000729335,1.0
P10,43,Right,Female,Female,Neutral,1.399318699957803,1.0
P10,43,Right,Female,Male,Happy,1.1184350999537855,1.0
P10,43,Right,Female,Female,Happy,1.4931732000550255,1.0
P10,43,Right,Female,Male,Neutral,1.7644184000091627,1.0
P10,43,Right,Female,Male,Angry,4.680048400070518,1.0
P10,43,Right,Female,Male,Neutral,1.0940706999972465,1.0
P10,43,Right,Female,Male,Neutral,1.1013466999866068,1.0
P10,43,Right,Female,Male,Happy,0.91100009996444,1.0
P10,43,Right,Female,Female,Happy,1.7085001000668854,1.0
P10,43,Right,Female,Male,Happy,3.3753064000047743,1.0
P10,43,Right,Female,Female,Neutral,1.6070409000385553,1.0
P10,43,Right,Female,Male,Happy,3.778688999940641,1.0
P10,43,Right,Female,Female,Angry,2.25603049993515,0.0
P10,43,Right,Female,Male,Angry,0.9438180000288412,1.0
P10,43,Right,Female,Female,Neutral,1.8964396000374109,1.0
P10,43,Right,Female,Male,Happy,3.0165237999754027,1.0
P10,43,Right,Female,Male,Angry,1.02295279991813,1.0
P10,43,Right,Female,Female,Angry,1.2855667000403628,1.0
P10,43,Right,Female,Female,Angry,1.3831332999980075,1.0
P10,43,Right,Female,Male,Angry,1.737928900052793,1.0
P10,43,Right,Female,Female,Angry,1.3747230999870226,1.0
P10,43,Right,Female,Male,Neutral,1.967428799951449,1.0
P10,43,Right,Female,Female,Happy,1.1825465000001714,1.0
P10,43,Right,Female,Male,Angry,0.9011661999393256,1.0
P10,43,Right,Female,Female,Happy,1.8446959999855608,1.0
P10,43,Right,Female,Female,Neutral,1.1925094000762329,0.0
P10,43,Right,Female,Male,Happy,0.8296458000550047,1.0
P10,43,Right,Female,Male,Happy,0.6834114999510348,1.0
P10,43,Right,Female,Female,Happy,1.8654006000142545,1.0
P10,43,Right,Female,Female,Angry,1.4006867000134662,1.0
P10,43,Right,Female,Female,Happy,4.025014300015755,1.0
P10,43,Right,Female,Male,Neutral,1.1752172999549657,1.0
P10,43,Right,Female,Male,Happy,0.8044981999555603,1.0
P10,43,Right,Female,Male,Happy,1.0211837999522686,1.0
P10,43,Right,Female,Female,Angry,4.263485800009221,1.0
P10,43,Right,Female,Female,Happy,1.7063599000684917,1.0
P10,43,Right,Female,Female,Angry,1.6517600000370294,1.0
P10,43,Right,Female,Male,Angry,1.087970900000073,1.0
P10,43,Right,Female,Female,Neutral,1.452241100021638,1.0
P10,43,Right,Female,Male,Happy,0.8574850000441074,1.0
P10,43,Right,Female,Female,Neutral,3.601992700016126,1.0
P10,43,Right,Female,Female,Happy,1.4836436999030411,1.0
P10,43,Right,Female,Female,Happy,2.2740501000080258,1.0
P10,43,Right,Female,Female,Neutral,1.4011329000350088,1.0
P10,43,Right,Female,Male,Happy,1.5236475999699906,1.0
P10,43,Right,Female,Female,Neutral,2.0169159000506625,0.0
P10,43,Right,Female,Female,Angry,1.4256252000341192,0.0
P10,43,Right,Female,Female,Neutral,1.678783499985002,1.0
P10,43,Right,Female,Male,Neutral,1.6857802999438718,1.0
P10,43,Right,Female,Female,Neutral,3.827845199964941,1.0
P10,43,Right,Female,Female,Happy,2.058755400008522,1.0
P10,43,Right,Female,Male,Angry,0.9051294999662788,1.0
P10,43,Right,Female,Female,Angry,4.247634900035337,0.0
P10,43,Right,Female,Male,Happy,0.913655399926938,1.0
P10,43,Right,Female,Male,Neutral,1.1208563999971377,1.0
P10,43,Right,Female,Male,Neutral,0.876700900029391,1.0
P10,43,Right,Female,Female,Neutral,1.1803224000614136,1.0
P11,23,Right,Female,Female,Neutral,1.7066275011748075,1.0
P11,23,Right,Female,Female,Happy,0.5606224178336561,1.0
P11,23,Right,Female,Female,Happy,0.4659236669540405,1.0
P11,23,Right,Female,Male,Angry,0.4213869168888777,1.0
P11,23,Right,Female,Female,Happy,0.4375607930123806,1.0
P11,23,Right,Female,Male,Angry,0.3808820000849664,1.0
P11,23,Right,Female,Male,Neutral,0.5642893749754876,1.0
P11,23,Right,Female,Female,Angry,0.476647918112576,1.0
P11,23,Right,Female,Female,Angry,0.442220875993371,0.0
P11,23,Right,Female,Female,Angry,0.452795916935429,1.0
P11,23,Right,Female,Male,Angry,0.4180057512130588,1.0
P11,23,Right,Female,Male,Happy,0.5058077091816813,1.0
P11,23,Right,Female,Male,Happy,0.4543310839217156,1.0
P11,23,Right,Female,Female,Neutral,0.4579819589853287,1.0
P11,23,Right,Female,Female,Neutral,0.452147375093773,1.0
P11,23,Right,Female,Male,Neutral,0.5300779168028384,1.0
P11,23,Right,Female,Male,Angry,0.5130013339221478,1.0
P11,23,Right,Female,Female,Angry,0.3832167929504066,1.0
P11,23,Right,Female,Male,Neutral,0.5893840419594198,1.0
P11,23,Right,Female,Male,Neutral,0.4779718751087785,0.0
P11,23,Right,Female,Male,Angry,0.698110916884616,0.0
P11,23,Right,Female,Female,Happy,0.5095981259364635,1.0
P11,23,Right,Female,Female,Angry,0.6086203751619905,1.0
P11,23,Right,Female,Male,Angry,0.5434419179800898,1.0
P11,23,Right,Female,Female,Happy,0.4741454590111971,1.0
P11,23,Right,Female,Female,Angry,0.5221196250058711,1.0
P11,23,Right,Female,Male,Angry,0.6252142509911209,0.0
P11,23,Right,Female,Male,Neutral,0.5689882929436862,0.0
P11,23,Right,Female,Male,Happy,0.3856900839600712,1.0
P11,23,Right,Female,Male,Neutral,0.4952540840022266,1.0
P11,23,Right,Female,Female,Angry,0.5349545839708298,1.0
P11,23,Right,Female,Female,Happy,0.4770412510260939,1.0
P11,23,Right,Female,Male,Neutral,0.4864895010832697,1.0
P11,23,Right,Female,Female,Neutral,0.5638198340311646,1.0
P11,23,Right,Female,Female,Angry,0.4543694169260561,1.0
P11,23,Right,Female,Female,Neutral,0.4503992090467363,1.0
P11,23,Right,Female,Male,Neutral,0.5611880838405341,1.0
P11,23,Right,Female,Female,Neutral,0.5574935839977115,1.0
P11,23,Right,Female,Female,Happy,0.4608477510046214,1.0
P11,23,Right,Female,Female,Angry,0.4783763759769499,1.0
P11,23,Right,Female,Male,Neutral,0.5085540839936584,1.0
P11,23,Right,Female,Female,Happy,0.5527683340478688,1.0
P11,23,Right,Female,Male,Happy,0.5339627920184284,1.0
P11,23,Right,Female,Male,Angry,0.4632885840255767,1.0
P11,23,Right,Female,Female,Neutral,0.4936484592035413,1.0
P11,23,Right,Female,Male,Happy,0.5486794169992208,1.0
P11,23,Right,Female,Male,Neutral,0.6665060420054942,0.0
P11,23,Right,Female,Male,Angry,0.421660833992064,0.0
P11,23,Right,Female,Female,Happy,0.4572434169240296,1.0
P11,23,Right,Female,Female,Neutral,0.496355626033619,1.0
P11,23,Right,Female,Male,Angry,0.5895381669979542,1.0
P11,23,Right,Female,Male,Angry,3.299096875824034,1.0
P11,23,Right,Female,Male,Happy,0.6446911259554327,1.0
P11,23,Right,Female,Female,Neutral,1.9623972920235249,1.0
P11,23,Right,Female,Female,Angry,0.5600092089734972,1.0
P11,23,Right,Female,Male,Angry,0.6298887920565903,1.0
P11,23,Right,Female,Male,Neutral,0.7620730840135366,1.0
P11,23,Right,Female,Male,Happy,0.8225182509049773,1.0
P11,23,Right,Female,Male,Angry,0.6386518338695168,1.0
P11,23,Right,Female,Female,Happy,1.6256492920219898,1.0
P11,23,Right,Female,Male,Neutral,0.610453792149201,0.0
P11,23,Right,Female,Female,Angry,0.7311696668621153,1.0
P11,23,Right,Female,Male,Happy,0.7787272918503731,1.0
P11,23,Right,Female,Female,Neutral,0.6035304591059685,1.0
P11,23,Right,Female,Male,Happy,1.0592264588922262,1.0
P11,23,Right,Female,Female,Happy,1.2201857510954142,1.0
P11,23,Right,Female,Male,Neutral,0.5033460431732237,1.0
P11,23,Right,Female,Male,Angry,0.520071417093277,1.0
P11,23,Right,Female,Male,Neutral,0.5688682091422379,1.0
P11,23,Right,Female,Male,Neutral,0.7796565419994295,0.0
P11,23,Right,Female,Male,Happy,0.5720399999991059,0.0
P11,23,Right,Female,Female,Happy,0.4584721669089049,1.0
P11,23,Right,Female,Male,Happy,0.7380962921306491,1.0
P11,23,Right,Female,Female,Neutral,0.5706616260576993,1.0
P11,23,Right,Female,Male,Happy,0.6358413340058178,0.0
P11,23,Right,Female,Female,Angry,0.6829765420407057,0.0
P11,23,Right,Female,Male,Angry,0.5450649589765817,1.0
P11,23,Right,Female,Female,Neutral,0.6389826678205281,1.0
P11,23,Right,Female,Male,Happy,1.119233001023531,1.0
P11,23,Right,Female,Male,Angry,0.5287237090524286,1.0
P11,23,Right,Female,Female,Angry,0.4938520009163767,1.0
P11,23,Right,Female,Female,Angry,0.4661100839730352,1.0
P11,23,Right,Female,Male,Angry,0.8777945840265602,1.0
P11,23,Right,Female,Female,Angry,0.6806840430945158,1.0
P11,23,Right,Female,Male,Neutral,0.6379136259201914,1.0
P11,23,Right,Female,Female,Happy,0.5656905421055853,1.0
P11,23,Right,Female,Male,Angry,0.4988057089503854,1.0
P11,23,Right,Female,Female,Happy,0.7421712088398635,1.0
P11,23,Right,Female,Female,Neutral,0.5744810418691486,0.0
P11,23,Right,Female,Male,Happy,0.6952466259244829,0.0
P11,23,Right,Female,Male,Happy,0.5126767088659108,1.0
P11,23,Right,Female,Female,Happy,0.4825510000810027,1.0
P11,23,Right,Female,Female,Angry,0.5920530841685832,1.0
P11,23,Right,Female,Female,Happy,0.6506952089257538,1.0
P11,23,Right,Female,Male,Neutral,0.7082015839405358,1.0
P11,23,Right,Female,Male,Happy,0.5483172929380089,1.0
P11,23,Right,Female,Male,Happy,0.5539384179282933,1.0
P11,23,Right,Female,Female,Angry,0.5335675009991974,1.0
P11,23,Right,Female,Female,Happy,0.5436687921173871,1.0
P11,23,Right,Female,Female,Angry,0.5781520009040833,1.0
P11,23,Right,Female,Male,Angry,0.4325664590578526,1.0
P11,23,Right,Female,Female,Neutral,0.6472678338177502,1.0
P11,23,Right,Female,Male,Happy,0.5695183759089559,1.0
P11,23,Right,Female,Female,Neutral,3.268701875815168,1.0
P11,23,Right,Female,Female,Happy,0.4619224169291556,1.0
P11,23,Right,Female,Female,Happy,0.4751815008930862,1.0
P11,23,Right,Female,Female,Neutral,0.4865803758148104,1.0
P11,23,Right,Female,Male,Happy,0.5021061250008643,1.0
P11,23,Right,Female,Female,Neutral,0.8732736259698868,1.0
P11,23,Right,Female,Female,Angry,1.5260032929945735,1.0
P11,23,Right,Female,Female,Neutral,0.4927635421045124,1.0
P11,23,Right,Female,Male,Neutral,0.8880861250218004,0.0
P11,23,Right,Female,Female,Neutral,0.5432474170811474,1.0
P11,23,Right,Female,Female,Happy,1.0396965418476611,1.0
P11,23,Right,Female,Male,Angry,0.7624246261548251,1.0
P11,23,Right,Female,Female,Angry,0.7651199589017779,1.0
P11,23,Right,Female,Male,Happy,0.5769060009624809,0.0
P11,23,Right,Female,Male,Neutral,0.5227981670759618,1.0
P11,23,Right,Female,Male,Neutral,0.6675261261407286,1.0
P11,23,Right,Female,Female,Neutral,0.6836844589561224,1.0
P12,22,Right,Female,Female,Neutral,1.8184697000542656,1.0
P12,22,Right,Female,Female,Happy,2.05550699995365,0.0
P12,22,Right,Female,Female,Happy,1.1623730999417603,1.0
P12,22,Right,Female,Male,Angry,3.4776749999728054,1.0
P12,22,Right,Female,Female,Happy,1.1885377999860791,1.0
P12,22,Right,Female,Male,Angry,1.4796476000919938,1.0
P12,22,Right,Female,Male,Neutral,0.8222656999714673,1.0
P12,22,Right,Female,Female,Angry,0.8833413000684232,1.0
P12,22,Right,Female,Female,Angry,0.7446639999980107,1.0
P12,22,Right,Female,Female,Angry,0.7117173000006005,1.0
P12,22,Right,Female,Male,Angry,0.6178081999532878,1.0
P12,22,Right,Female,Male,Happy,0.9764073999831452,1.0
P12,22,Right,Female,Male,Happy,0.8393241999438033,1.0
P12,22,Right,Female,Female,Neutral,0.6835590000264347,1.0
P12,22,Right,Female,Female,Neutral,0.6253703000256792,1.0
P12,22,Right,Female,Male,Neutral,0.6605720000807196,1.0
P12,22,Right,Female,Male,Angry,1.4447865000693128,0.0
P12,22,Right,Female,Female,Angry,1.255022499943152,1.0
P12,22,Right,Female,Male,Neutral,0.8630868999753147,1.0
P12,22,Right,Female,Male,Neutral,0.9529701999854296,0.0
P12,22,Right,Female,Male,Angry,4.149550599977374,0.0
P12,22,Right,Female,Female,Happy,1.6647908999584615,1.0
P12,22,Right,Female,Female,Angry,1.4664813000708818,1.0
P12,22,Right,Female,Male,Angry,0.903203499969095,1.0
P12,22,Right,Female,Female,Happy,0.783108799951151,1.0
P12,22,Right,Female,Female,Angry,1.1929937000386417,1.0
P12,22,Right,Female,Male,Angry,2.6721458999672905,1.0
P12,22,Right,Female,Male,Neutral,1.2175988999661058,0.0
P12,22,Right,Female,Male,Happy,2.667959999991581,1.0
P12,22,Right,Female,Male,Neutral,2.1270014999900013,1.0
P12,22,Right,Female,Female,Angry,1.816399300005287,1.0
P12,22,Right,Female,Female,Happy,1.0814557999838144,1.0
P12,22,Right,Female,Male,Neutral,0.778376100002788,1.0
P12,22,Right,Female,Female,Neutral,1.4260098000522703,1.0
P12,22,Right,Female,Female,Angry,1.0453865999588745,1.0
P12,22,Right,Female,Female,Neutral,0.7597654000855982,1.0
P12,22,Right,Female,Male,Neutral,0.990493500023149,1.0
P12,22,Right,Female,Female,Neutral,0.7426057000411674,1.0
P12,22,Right,Female,Female,Happy,0.8517548999516293,1.0
P12,22,Right,Female,Female,Angry,0.7618960000108927,1.0
P12,22,Right,Female,Male,Neutral,0.5874690000200644,1.0
P12,22,Right,Female,Female,Happy,0.6087974000256509,1.0
P12,22,Right,Female,Male,Happy,0.7726375000784174,1.0
P12,22,Right,Female,Male,Angry,0.838730699964799,1.0
P12,22,Right,Female,Female,Neutral,1.2460911000380293,1.0
P12,22,Right,Female,Male,Happy,0.9624156000791118,1.0
P12,22,Right,Female,Male,Neutral,0.918069800012745,0.0
P12,22,Right,Female,Male,Angry,0.5836995999561623,1.0
P12,22,Right,Female,Female,Happy,0.655671100015752,1.0
P12,22,Right,Female,Female,Neutral,0.8645399999804795,1.0
P12,22,Right,Female,Male,Angry,1.3115608000662178,1.0
P12,22,Right,Female,Male,Angry,1.784347099950537,0.0
P12,22,Right,Female,Male,Happy,0.593266100040637,1.0
P12,22,Right,Female,Female,Neutral,0.816417200025171,1.0
P12,22,Right,Female,Female,Angry,0.7716337000019848,1.0
P12,22,Right,Female,Male,Angry,1.3676651999121532,0.0
P12,22,Right,Female,Male,Neutral,0.9690485999453812,1.0
P12,22,Right,Female,Male,Happy,0.7983871001051739,1.0
P12,22,Right,Female,Male,Angry,1.394855200080201,1.0
P12,22,Right,Female,Female,Happy,1.420046400045976,1.0
P12,22,Right,Female,Male,Neutral,1.5279070999240505,1.0
P12,22,Right,Female,Female,Angry,0.9402017999673262,1.0
P12,22,Right,Female,Male,Happy,0.9752356000244616,1.0
P12,22,Right,Female,Female,Neutral,2.6546858999645337,0.0
P12,22,Right,Female,Male,Happy,1.6451265999348834,1.0
P12,22,Right,Female,Female,Happy,0.8269422000739723,1.0
P12,22,Right,Female,Male,Neutral,1.3401886000065133,1.0
P12,22,Right,Female,Male,Angry,0.834554799948819,1.0
P12,22,Right,Female,Male,Neutral,2.548610799945891,1.0
P12,22,Right,Female,Male,Neutral,1.3309536000015214,1.0
P12,22,Right,Female,Male,Happy,1.3176695000147447,1.0
P12,22,Right,Female,Female,Happy,0.6443483999464661,1.0
P12,22,Right,Female,Male,Happy,1.3919162000529468,1.0
P12,22,Right,Female,Female,Neutral,0.7851545999292284,1.0
P12,22,Right,Female,Male,Happy,1.5392547000665218,1.0
P12,22,Right,Female,Female,Angry,0.6388490999815986,0.0
P12,22,Right,Female,Male,Angry,0.5512366000330076,1.0
P12,22,Right,Female,Female,Neutral,0.8404967999085784,1.0
P12,22,Right,Female,Male,Happy,0.8590789999580011,1.0
P12,22,Right,Female,Male,Angry,0.7547349999658763,1.0
P12,22,Right,Female,Female,Angry,1.0268619999988005,1.0
P12,22,Right,Female,Female,Angry,0.9518863999983296,1.0
P12,22,Right,Female,Male,Angry,1.756497000111267,1.0
P12,22,Right,Female,Female,Angry,0.905068700085394,1.0
P12,22,Right,Female,Male,Neutral,1.1216351999901235,1.0
P12,22,Right,Female,Female,Happy,1.768266799976118,1.0
P12,22,Right,Female,Male,Angry,2.486362099996768,1.0
P12,22,Right,Female,Female,Happy,1.460666099912487,1.0
P12,22,Right,Female,Female,Neutral,4.054517399985343,1.0
P12,22,Right,Female,Male,Happy,1.141331400023773,1.0
P12,22,Right,Female,Male,Happy,2.5378848999971524,1.0
P12,22,Right,Female,Female,Happy,0.8209230999927968,1.0
P12,22,Right,Female,Female,Angry,2.093864200054668,1.0
P12,22,Right,Female,Female,Happy,0.7463521000463516,1.0
P12,22,Right,Female,Male,Neutral,2.004011200042441,1.0
P12,22,Right,Female,Male,Happy,1.5000551999546587,1.0
P12,22,Right,Female,Male,Happy,0.8665098999626935,1.0
P12,22,Right,Female,Female,Angry,0.635879100067541,1.0
P12,22,Right,Female,Female,Happy,0.5292867000680417,1.0
P12,22,Right,Female,Female,Angry,0.6300362999318168,1.0
P12,22,Right,Female,Male,Angry,0.8617261999752373,1.0
P12,22,Right,Female,Female,Neutral,1.1931365000782534,1.0
P12,22,Right,Female,Male,Happy,0.8410992999561131,1.0
P12,22,Right,Female,Female,Neutral,0.697099499986507,1.0
P12,22,Right,Female,Female,Happy,0.6349772000685334,1.0
P12,22,Right,Female,Female,Happy,0.5673683000495657,1.0
P12,22,Right,Female,Female,Neutral,0.9575083999661728,1.0
P12,22,Right,Female,Male,Happy,0.627841699984856,1.0
P12,22,Right,Female,Female,Neutral,1.3415192998945713,1.0
P12,22,Right,Female,Female,Angry,2.7928300000494346,1.0
P12,22,Right,Female,Female,Neutral,1.2076882999390364,1.0
P12,22,Right,Female,Male,Neutral,1.288067499990575,1.0
P12,22,Right,Female,Female,Neutral,1.730833699926734,1.0
P12,22,Right,Female,Female,Happy,0.9629540999885648,1.0
P12,22,Right,Female,Male,Angry,0.9340135999955236,1.0
P12,22,Right,Female,Female,Angry,0.7626087999669835,0.0
P12,22,Right,Female,Male,Happy,0.6499215000076219,1.0
P12,22,Right,Female,Male,Neutral,0.7797450999496505,1.0
P12,22,Right,Female,Male,Neutral,0.6235427999636158,1.0
P12,22,Right,Female,Female,Neutral,0.9446378999855368,1.0
P17,22,Right,Male,Female,Neutral,2.478624499985017,1.0
P17,22,Right,Male,Female,Happy,1.4927150000585243,0.0
P17,22,Right,Male,Female,Happy,0.8961012000218034,1.0
P17,22,Right,Male,Male,Angry,0.5889754999661818,1.0
P17,22,Right,Male,Female,Happy,0.6267911000177264,1.0
P17,22,Right,Male,Male,Angry,0.5383947000373155,1.0
P17,22,Right,Male,Male,Neutral,0.6177536000031978,1.0
P17,22,Right,Male,Female,Angry,1.158971700002439,0.0
P17,22,Right,Male,Female,Angry,0.5829300999175757,1.0
P17,22,Right,Male,Female,Angry,0.948787400033325,0.0
P17,22,Right,Male,Male,Angry,0.7472906999755651,1.0
P17,22,Right,Male,Male,Happy,0.6848671999759972,1.0
P17,22,Right,Male,Male,Happy,0.8868584000738338,1.0
P17,22,Right,Male,Female,Neutral,0.9341774999629706,1.0
P17,22,Right,Male,Female,Neutral,0.7109129999298602,1.0
P17,22,Right,Male,Male,Neutral,0.7810210000025108,1.0
P17,22,Right,Male,Male,Angry,0.6288923999527469,1.0
P17,22,Right,Male,Female,Angry,0.8198675999883562,1.0
P17,22,Right,Male,Male,Neutral,0.566303399973549,1.0
P17,22,Right,Male,Male,Neutral,1.1553799000103029,0.0
P17,22,Right,Male,Male,Angry,0.5874270000495017,1.0
P17,22,Right,Male,Female,Happy,0.5533125000074506,1.0
P17,22,Right,Male,Female,Angry,1.2319376000668854,1.0
P17,22,Right,Male,Male,Angry,0.6258592000231147,1.0
P17,22,Right,Male,Female,Happy,0.6261930000036955,1.0
P17,22,Right,Male,Female,Angry,0.714821600005962,1.0
P17,22,Right,Male,Male,Angry,0.9527348999399692,1.0
P17,22,Right,Male,Male,Neutral,0.9851952000753954,0.0
P17,22,Right,Male,Male,Happy,0.6165435999864712,1.0
P17,22,Right,Male,Male,Neutral,0.7334703000960872,1.0
P17,22,Right,Male,Female,Angry,1.1311387000605464,1.0
P17,22,Right,Male,Female,Happy,1.136422999901697,1.0
P17,22,Right,Male,Male,Neutral,0.5935855999123305,1.0
P17,22,Right,Male,Female,Neutral,0.9052969000767916,1.0
P17,22,Right,Male,Female,Angry,0.8884721000213176,1.0
P17,22,Right,Male,Female,Neutral,0.6365716999862343,1.0
P17,22,Right,Male,Male,Neutral,0.7325451999204233,1.0
P17,22,Right,Male,Female,Neutral,0.7709022999042645,1.0
P17,22,Right,Male,Female,Happy,1.2069007999962196,1.0
P17,22,Right,Male,Female,Angry,0.8472637999802828,1.0
P17,22,Right,Male,Male,Neutral,0.5227461000904441,1.0
P17,22,Right,Male,Female,Happy,1.5123612000606954,1.0
P17,22,Right,Male,Male,Happy,0.595230899984017,1.0
P17,22,Right,Male,Male,Angry,0.6385957000311464,1.0
P17,22,Right,Male,Female,Neutral,0.6578678000951186,1.0
P17,22,Right,Male,Male,Happy,0.9441793999867514,1.0
P17,22,Right,Male,Male,Neutral,0.8581028000917286,1.0
P17,22,Right,Male,Male,Angry,0.5873856999678537,1.0
P17,22,Right,Male,Female,Happy,0.6874268000246957,1.0
P17,22,Right,Male,Female,Neutral,0.7221540999598801,1.0
P17,22,Right,Male,Male,Angry,0.7981302000116557,1.0
P17,22,Right,Male,Male,Angry,1.5194288999773562,1.0
P17,22,Right,Male,Male,Happy,0.549368100007996,1.0
P17,22,Right,Male,Female,Neutral,0.5389670999720693,1.0
P17,22,Right,Male,Female,Angry,0.712780199944973,1.0
P17,22,Right,Male,Male,Angry,0.6533580999821424,1.0
P17,22,Right,Male,Male,Neutral,0.7343599000014365,1.0
P17,22,Right,Male,Male,Happy,0.5925416999962181,1.0
P17,22,Right,Male,Male,Angry,0.7662976999999955,1.0
P17,22,Right,Male,Female,Happy,0.6992367000784725,1.0
P17,22,Right,Male,Male,Neutral,1.2402899999869987,1.0
P17,22,Right,Male,Female,Angry,1.1566623999970034,1.0
P17,22,Right,Male,Male,Happy,0.6507179000182077,1.0
P17,22,Right,Male,Female,Neutral,1.492194200051017,1.0
P17,22,Right,Male,Male,Happy,0.5727309000212699,1.0
P17,22,Right,Male,Female,Happy,0.7670304999919608,1.0
P17,22,Right,Male,Male,Neutral,0.6647696000291035,1.0
P17,22,Right,Male,Male,Angry,0.7677888000616804,1.0
P17,22,Right,Male,Male,Neutral,0.7038749000057578,1.0
P17,22,Right,Male,Male,Neutral,0.8625173000618815,1.0
P17,22,Right,Male,Male,Happy,1.095769900013693,0.0
P17,22,Right,Male,Female,Happy,0.5613660999806598,0.0
P17,22,Right,Male,Male,Happy,1.2017536999192089,1.0
P17,22,Right,Male,Female,Neutral,1.5307924000080677,1.0
P17,22,Right,Male,Male,Happy,0.8306834000395611,1.0
P17,22,Right,Male,Female,Angry,0.6269315000390634,0.0
P17,22,Right,Male,Male,Angry,1.4502881999360395,1.0
P17,22,Right,Male,Female,Neutral,0.6343797999434173,1.0
P17,22,Right,Male,Male,Happy,1.134144900017418,1.0
P17,22,Right,Male,Male,Angry,0.7253608000464737,1.0
P17,22,Right,Male,Female,Angry,0.5710733000887558,1.0
P17,22,Right,Male,Female,Angry,0.7683605999918655,1.0
P17,22,Right,Male,Male,Angry,0.6799910000991076,1.0
P17,22,Right,Male,Female,Angry,1.5647893999703228,1.0
P17,22,Right,Male,Male,Neutral,0.6919501000083983,1.0
P17,22,Right,Male,Female,Happy,0.643902900046669,1.0
P17,22,Right,Male,Male,Angry,0.7361561000579968,1.0
P17,22,Right,Male,Female,Happy,0.6295521999709308,1.0
P17,22,Right,Male,Female,Neutral,0.5420051000546664,1.0
P17,22,Right,Male,Male,Happy,1.9294862999813631,1.0
P17,22,Right,Male,Male,Happy,0.8877109000459313,1.0
P17,22,Right,Male,Female,Happy,0.6123004999244586,1.0
P17,22,Right,Male,Female,Angry,0.6570043000392616,1.0
P17,22,Right,Male,Female,Happy,0.6137002999894321,1.0
P17,22,Right,Male,Male,Neutral,0.5477691000560299,1.0
P17,22,Right,Male,Male,Happy,1.956700300099328,1.0
P17,22,Right,Male,Male,Happy,0.9563792999833822,1.0
P17,22,Right,Male,Female,Angry,0.7339644000167027,1.0
P17,22,Right,Male,Female,Happy,0.6606879000319168,1.0
P17,22,Right,Male,Female,Angry,1.00468410004396,1.0
P17,22,Right,Male,Male,Angry,0.6227326999651268,1.0
P17,22,Right,Male,Female,Neutral,0.6490034000016749,1.0
P17,22,Right,Male,Male,Happy,0.8080567000433803,1.0
P17,22,Right,Male,Female,Neutral,0.9121262999251484,1.0
P17,22,Right,Male,Female,Happy,0.8269698000513017,1.0
P17,22,Right,Male,Female,Happy,0.605913000064902,1.0
P17,22,Right,Male,Female,Neutral,0.5836905000032857,1.0
P17,22,Right,Male,Male,Happy,0.5972907000686973,1.0
P17,22,Right,Male,Female,Neutral,3.102157899993472,0.0
P17,22,Right,Male,Female,Angry,1.3516372999874875,0.0
P17,22,Right,Male,Female,Neutral,0.5639840000076219,1.0
P17,22,Right,Male,Male,Neutral,0.6449836000101641,1.0
P17,22,Right,Male,Female,Neutral,1.2832061999943107,1.0
P17,22,Right,Male,Female,Happy,0.8315351000055671,1.0
P17,22,Right,Male,Male,Angry,0.772301199962385,1.0
P17,22,Right,Male,Female,Angry,1.4838950999546796,1.0
P17,22,Right,Male,Male,Happy,0.6797908000880852,1.0
P17,22,Right,Male,Male,Neutral,0.6245227999752387,1.0
P17,22,Right,Male,Male,Neutral,0.6250285999849439,1.0
P17,22,Right,Male,Female,Neutral,0.7262171000475064,1.0
P13,50,Right,Male,Female,Neutral,2.3898109999718145,1.0
P13,50,Right,Male,Female,Happy,3.449571199947968,1.0
P13,50,Right,Male,Female,Happy,2.0667974000098184,1.0
P13,50,Right,Male,Male,Angry,4.771375399897806,1.0
P13,50,Right,Male,Female,Happy,2.9825181000633165,1.0
P13,50,Right,Male,Male,Angry,0.8753291999455541,1.0
P13,50,Right,Male,Male,Neutral,1.5306886000325903,1.0
P13,50,Right,Male,Female,Angry,1.7142887000227347,1.0
P13,50,Right,Male,Female,Angry,1.1845282999565825,1.0
P13,50,Right,Male,Female,Angry,3.595017299987376,1.0
P13,50,Right,Male,Male,Angry,1.1453562999377027,1.0
P13,50,Right,Male,Male,Happy,4.23271599994041,1.0
P13,50,Right,Male,Male,Happy,4.758945500012487,1.0
P13,50,Right,Male,Female,Neutral,1.9212326999986544,1.0
P13,50,Right,Male,Female,Neutral,1.4036153999622911,1.0
P13,50,Right,Male,Male,Neutral,0.8523735998896882,1.0
P13,50,Right,Male,Male,Angry,0.963786800042726,1.0
P13,50,Right,Male,Female,Angry,1.5667505000019446,1.0
P13,50,Right,Male,Male,Neutral,3.934868199983612,0.0
P13,50,Right,Male,Male,Neutral,3.197233600076288,0.0
P13,50,Right,Male,Male,Angry,0.7297724999953061,1.0
P13,50,Right,Male,Female,Happy,0.9569836999289691,1.0
P13,50,Right,Male,Female,Angry,0.7882993000093848,1.0
P13,50,Right,Male,Male,Angry,2.3994001999963075,1.0
P13,50,Right,Male,Female,Happy,0.7477359999902546,1.0
P13,50,Right,Male,Female,Angry,1.5050567000871524,1.0
P13,50,Right,Male,Male,Angry,1.301813600002788,0.0
P13,50,Right,Male,Male,Neutral,1.1964190000435335,0.0
P13,50,Right,Male,Male,Happy,0.6836828000377864,1.0
P13,50,Right,Male,Male,Neutral,1.1798255000030622,1.0
P13,50,Right,Male,Female,Angry,0.6686045000096783,1.0
P13,50,Right,Male,Female,Happy,1.5847883999813348,1.0
P13,50,Right,Male,Male,Neutral,1.305801099981181,1.0
P13,50,Right,Male,Female,Neutral,1.07442760001868,1.0
P13,50,Right,Male,Female,Angry,1.6256937000434846,1.0
P13,50,Right,Male,Female,Neutral,0.6939288000576198,1.0
P13,50,Right,Male,Male,Neutral,1.1344075999222696,0.0
P13,50,Right,Male,Female,Neutral,0.809749300009571,1.0
P13,50,Right,Male,Female,Happy,1.283658699947409,1.0
P13,50,Right,Male,Female,Angry,0.9793589999899268,1.0
P13,50,Right,Male,Male,Neutral,0.9232188999885692,1.0
P13,50,Right,Male,Female,Happy,3.115270599955693,1.0
P13,50,Right,Male,Male,Happy,0.7944175000302494,1.0
P13,50,Right,Male,Male,Angry,1.9498527999967337,1.0
P13,50,Right,Male,Female,Neutral,0.8309445000486448,1.0
P13,50,Right,Male,Male,Happy,1.2157372999936342,1.0
P13,50,Right,Male,Male,Neutral,1.7222950999857858,1.0
P13,50,Right,Male,Male,Angry,0.799675100017339,1.0
P13,50,Right,Male,Female,Happy,1.8827383999014276,1.0
P13,50,Right,Male,Female,Neutral,0.7833537999540567,1.0
P13,50,Right,Male,Male,Angry,1.1980381000321358,1.0
P13,50,Right,Male,Male,Angry,0.6754119000397623,1.0
P13,50,Right,Male,Male,Happy,0.7281440000515431,1.0
P13,50,Right,Male,Female,Neutral,0.634816600009799,1.0
P13,50,Right,Male,Female,Angry,0.976625399896875,1.0
P13,50,Right,Male,Male,Angry,1.1939068000065165,1.0
P13,50,Right,Male,Male,Neutral,3.0588677999330685,1.0
P13,50,Right,Male,Male,Happy,0.7564117999281734,1.0
P13,50,Right,Male,Male,Angry,0.7946233000839129,1.0
P13,50,Right,Male,Female,Happy,1.101343199959956,1.0
P13,50,Right,Male,Male,Neutral,1.779255900066346,1.0
P13,50,Right,Male,Female,Angry,1.140042099985294,1.0
P13,50,Right,Male,Male,Happy,1.6174979000352323,1.0
P13,50,Right,Male,Female,Neutral,0.7758171999594197,1.0
P13,50,Right,Male,Male,Happy,1.337696100003086,1.0
P13,50,Right,Male,Female,Happy,0.8132289999630302,1.0
P13,50,Right,Male,Male,Neutral,1.722380100050941,1.0
P13,50,Right,Male,Male,Angry,0.8985885999863967,1.0
P13,50,Right,Male,Male,Neutral,1.7324622999876738,1.0
P13,50,Right,Male,Male,Neutral,2.191734699998051,1.0
P13,50,Right,Male,Male,Happy,1.3589017000049353,1.0
P13,50,Right,Male,Female,Happy,1.3434109000954777,1.0
P13,50,Right,Male,Male,Happy,2.233898700098507,1.0
P13,50,Right,Male,Female,Neutral,2.0397097000386566,1.0
P13,50,Right,Male,Male,Happy,0.8250814999919385,1.0
P13,50,Right,Male,Female,Angry,0.7050446999492124,0.0
P13,50,Right,Male,Male,Angry,1.308155699982308,1.0
P13,50,Right,Male,Female,Neutral,2.0189630000386387,1.0
P13,50,Right,Male,Male,Happy,1.0124423999805003,1.0
P13,50,Right,Male,Male,Angry,0.7629461999749765,1.0
P13,50,Right,Male,Female,Angry,0.5993934000143781,1.0
P13,50,Right,Male,Female,Angry,1.3688072999939322,1.0
P13,50,Right,Male,Male,Angry,1.1021934999153018,1.0
P13,50,Right,Male,Female,Angry,1.5211971000535414,1.0
P13,50,Right,Male,Male,Neutral,1.690092800068669,1.0
P13,50,Right,Male,Female,Happy,0.6576140000252053,1.0
P13,50,Right,Male,Male,Angry,0.732690199976787,1.0
P13,50,Right,Male,Female,Happy,0.8498238999163732,1.0
P13,50,Right,Male,Female,Neutral,1.6245772999245671,1.0
P13,50,Right,Male,Male,Happy,1.0169622999383137,1.0
P13,50,Right,Male,Male,Happy,0.7877466999925673,1.0
P13,50,Right,Male,Female,Happy,1.061090699979104,1.0
P13,50,Right,Male,Female,Angry,2.725983200012706,1.0
P13,50,Right,Male,Female,Happy,1.4621001000050455,1.0
P13,50,Right,Male,Male,Neutral,0.8885988999390975,1.0
P13,50,Right,Male,Male,Happy,0.9820958999916912,1.0
P13,50,Right,Male,Male,Happy,1.167989999987185,1.0
P13,50,Right,Male,Female,Angry,0.9014371000230312,1.0
P13,50,Right,Male,Female,Happy,0.912445900030434,1.0
P13,50,Right,Male,Female,Angry,2.274692800012417,1.0
P13,50,Right,Male,Male,Angry,0.6874860000098124,1.0
P13,50,Right,Male,Female,Neutral,1.277025300078094,1.0
P13,50,Right,Male,Male,Happy,0.8393514999188483,1.0
P13,50,Right,Male,Female,Neutral,0.6668921000091359,1.0
P13,50,Right,Male,Female,Happy,0.8998192999279127,1.0
P13,50,Right,Male,Female,Happy,5.732367500080727,1.0
P13,50,Right,Male,Female,Neutral,1.305276699946262,1.0
P13,50,Right,Male,Male,Happy,0.7457630999851972,1.0
P13,50,Right,Male,Female,Neutral,1.129361700033769,0.0
P13,50,Right,Male,Female,Angry,0.6871118999551982,1.0
P13,50,Right,Male,Female,Neutral,0.77921059995424,1.0
P13,50,Right,Male,Male,Neutral,1.942415500059724,1.0
P13,50,Right,Male,Female,Neutral,0.8888248999137431,1.0
P13,50,Right,Male,Female,Happy,1.807195200002752,1.0
P13,50,Right,Male,Male,Angry,0.6563306999159977,1.0
P13,50,Right,Male,Female,Angry,4.32129019999411,1.0
P13,50,Right,Male,Male,Happy,0.855260799988173,1.0
P13,50,Right,Male,Male,Neutral,0.8764442000538111,1.0
P13,50,Right,Male,Male,Neutral,1.0144700000528246,1.0
P13,50,Right,Male,Female,Neutral,0.8749239000026137,1.0
P14,22,Right,Male,Female,Neutral,0.9892745999386534,1.0
P14,22,Right,Male,Female,Happy,0.8767093999776989,0.0
P14,22,Right,Male,Female,Happy,0.5452292999252677,1.0
P14,22,Right,Male,Male,Angry,0.702060499927029,1.0
P14,22,Right,Male,Female,Happy,0.7238509999588132,1.0
P14,22,Right,Male,Male,Angry,0.4932631999254226,1.0
P14,22,Right,Male,Male,Neutral,0.6576800000621006,1.0
P14,22,Right,Male,Female,Angry,0.7550066999392584,1.0
P14,22,Right,Male,Female,Angry,0.6223914000438526,1.0
P14,22,Right,Male,Female,Angry,0.648179900017567,0.0
P14,22,Right,Male,Male,Angry,0.6016439000377432,0.0
P14,22,Right,Male,Male,Happy,1.6029074999969453,1.0
P14,22,Right,Male,Male,Happy,0.7323227000888437,1.0
P14,22,Right,Male,Female,Neutral,0.57134170003701,1.0
P14,22,Right,Male,Female,Neutral,0.6603767999913543,1.0
P14,22,Right,Male,Male,Neutral,0.6285020000068471,0.0
P14,22,Right,Male,Male,Angry,1.460775899933651,1.0
P14,22,Right,Male,Female,Angry,0.8641969000454992,1.0
P14,22,Right,Male,Male,Neutral,0.4885256999405101,1.0
P14,22,Right,Male,Male,Neutral,0.6327354999957606,0.0
P14,22,Right,Male,Male,Angry,0.5316160999936983,1.0
P14,22,Right,Male,Female,Happy,0.8768143000779673,1.0
P14,22,Right,Male,Female,Angry,0.840937800006941,1.0
P14,22,Right,Male,Male,Angry,0.6001512999646366,1.0
P14,22,Right,Male,Female,Happy,0.6145804999396205,1.0
P14,22,Right,Male,Female,Angry,0.7082745999796316,1.0
P14,22,Right,Male,Male,Angry,0.7828110000118613,1.0
P14,22,Right,Male,Male,Neutral,1.1678857000079006,1.0
P14,22,Right,Male,Male,Happy,0.529927600058727,1.0
P14,22,Right,Male,Male,Neutral,1.088552900007926,0.0
P14,22,Right,Male,Female,Angry,1.0810748999938369,1.0
P14,22,Right,Male,Female,Happy,0.6977804000489414,1.0
P14,22,Right,Male,Male,Neutral,0.5951961000682786,1.0
P14,22,Right,Male,Female,Neutral,0.9105228999396786,1.0
P14,22,Right,Male,Female,Angry,0.7312854999909177,1.0
P14,22,Right,Male,Female,Neutral,1.2805878999643028,1.0
P14,22,Right,Male,Male,Neutral,0.7964482000097632,1.0
P14,22,Right,Male,Female,Neutral,0.8930726000107825,1.0
P14,22,Right,Male,Female,Happy,1.4351902999915185,1.0
P14,22,Right,Male,Female,Angry,0.6214066001120955,1.0
P14,22,Right,Male,Male,Neutral,0.6563306000316516,1.0
P14,22,Right,Male,Female,Happy,0.8736077999928966,1.0
P14,22,Right,Male,Male,Happy,0.6342765999725088,1.0
P14,22,Right,Male,Male,Angry,0.5569213000126183,1.0
P14,22,Right,Male,Female,Neutral,0.5937912999652326,1.0
P14,22,Right,Male,Male,Happy,0.9489628999726848,1.0
P14,22,Right,Male,Male,Neutral,0.913433099980466,1.0
P14,22,Right,Male,Male,Angry,0.5659369000932202,1.0
P14,22,Right,Male,Female,Happy,0.7398741999641061,1.0
P14,22,Right,Male,Female,Neutral,0.9293244000291452,1.0
P14,22,Right,Male,Male,Angry,1.9099695000331849,1.0
P14,22,Right,Male,Male,Angry,0.4703986999811604,1.0
P14,22,Right,Male,Male,Happy,1.0261625000275671,1.0
P14,22,Right,Male,Female,Neutral,0.5414515999145806,1.0
P14,22,Right,Male,Female,Angry,0.7381205999990925,1.0
P14,22,Right,Male,Male,Angry,0.9819532999536024,1.0
P14,22,Right,Male,Male,Neutral,0.6934296000981703,1.0
P14,22,Right,Male,Male,Happy,0.6330849999794737,1.0
P14,22,Right,Male,Male,Angry,0.8672707999357954,1.0
P14,22,Right,Male,Female,Happy,0.8659421000629663,1.0
P14,22,Right,Male,Male,Neutral,0.8848829000489786,1.0
P14,22,Right,Male,Female,Angry,1.250170800019987,1.0
P14,22,Right,Male,Male,Happy,2.606040100101381,1.0
P14,22,Right,Male,Female,Neutral,0.9303635000251234,1.0
P14,22,Right,Male,Male,Happy,0.6526509000686929,1.0
P14,22,Right,Male,Female,Happy,0.6207513000117615,1.0
P14,22,Right,Male,Male,Neutral,0.8808644000673667,1.0
P14,22,Right,Male,Male,Angry,0.7677796999923885,1.0
P14,22,Right,Male,Male,Neutral,0.6606509999837726,1.0
P14,22,Right,Male,Male,Neutral,0.7590885000536218,1.0
P14,22,Right,Male,Male,Happy,0.7447729000123218,1.0
P14,22,Right,Male,Female,Happy,0.5620246999897063,1.0
P14,22,Right,Male,Male,Happy,0.6982180000049993,1.0
P14,22,Right,Male,Female,Neutral,0.5956767000025138,1.0
P14,22,Right,Male,Male,Happy,0.5033766999840736,1.0
P14,22,Right,Male,Female,Angry,0.8987173999194056,0.0
P14,22,Right,Male,Male,Angry,0.5546749000204727,1.0
P14,22,Right,Male,Female,Neutral,0.5146041000261903,1.0
P14,22,Right,Male,Male,Happy,0.7811295000137761,1.0
P14,22,Right,Male,Male,Angry,1.000350799993612,1.0
P14,22,Right,Male,Female,Angry,0.808106700074859,1.0
P14,22,Right,Male,Female,Angry,0.7596433999715373,1.0
P14,22,Right,Male,Male,Angry,0.7390235000057146,1.0
P14,22,Right,Male,Female,Angry,0.5220792999025434,1.0
P14,22,Right,Male,Male,Neutral,0.5231818999163806,1.0
P14,22,Right,Male,Female,Happy,0.5110915000550449,1.0
P14,22,Right,Male,Male,Angry,0.7545346999540925,1.0
P14,22,Right,Male,Female,Happy,0.552272200002335,1.0
P14,22,Right,Male,Female,Neutral,0.4804185000248253,1.0
P14,22,Right,Male,Male,Happy,0.6046216000104323,0.0
P14,22,Right,Male,Male,Happy,0.9035497000440956,1.0
P14,22,Right,Male,Female,Happy,0.5860477000242099,1.0
P14,22,Right,Male,Female,Angry,0.9268711000913754,1.0
P14,22,Right,Male,Female,Happy,0.6295259000035003,1.0
P14,22,Right,Male,Male,Neutral,0.6539193000644445,1.0
P14,22,Right,Male,Male,Happy,0.8428918999852613,1.0
P14,22,Right,Male,Male,Happy,1.6929925000295043,1.0
P14,22,Right,Male,Female,Angry,0.7046344999689609,1.0
P14,22,Right,Male,Female,Happy,0.765413099899888,1.0
P14,22,Right,Male,Female,Angry,0.7246716000372544,1.0
P14,22,Right,Male,Male,Angry,0.4782557999715209,1.0
P14,22,Right,Male,Female,Neutral,0.8652582999784499,1.0
P14,22,Right,Male,Male,Happy,0.6836802000179887,1.0
P14,22,Right,Male,Female,Neutral,0.906151800067164,1.0
P14,22,Right,Male,Female,Happy,0.566890399903059,1.0
P14,22,Right,Male,Female,Happy,0.9064168999902904,1.0
P14,22,Right,Male,Female,Neutral,1.202033899957314,1.0
P14,22,Right,Male,Male,Happy,0.5515753000508994,1.0
P14,22,Right,Male,Female,Neutral,0.7585046000313014,1.0
P14,22,Right,Male,Female,Angry,0.8491947000147775,1.0
P14,22,Right,Male,Female,Neutral,0.5784144999925047,1.0
P14,22,Right,Male,Male,Neutral,0.778529700008221,1.0
P14,22,Right,Male,Female,Neutral,2.3362607000162825,1.0
P14,22,Right,Male,Female,Happy,0.6675482999999076,1.0
P14,22,Right,Male,Male,Angry,0.5677973999409005,1.0
P14,22,Right,Male,Female,Angry,0.7063259999267757,1.0
P14,22,Right,Male,Male,Happy,0.6934144000988454,1.0
P14,22,Right,Male,Male,Neutral,1.1148415999487042,1.0
P14,22,Right,Male,Male,Neutral,1.354291700059548,0.0
P14,22,Right,Male,Female,Neutral,0.976526999962516,1.0
P15,23,Right,Female,Female,Neutral,1.5931599999312311,1.0
P15,23,Right,Female,Female,Happy,1.131673399824649,0.0
P15,23,Right,Female,Female,Happy,1.3643253000918776,1.0
P15,23,Right,Female,Male,Angry,0.9547502000350504,1.0
P15,23,Right,Female,Female,Happy,0.9504794999957084,1.0
P15,23,Right,Female,Male,Angry,0.8421565999742597,1.0
P15,23,Right,Female,Male,Neutral,0.8648063999135047,1.0
P15,23,Right,Female,Female,Angry,0.8292404001113027,0.0
P15,23,Right,Female,Female,Angry,0.9630161998793484,1.0
P15,23,Right,Female,Female,Angry,1.8814862000290304,1.0
P15,23,Right,Female,Male,Angry,0.999985700007528,1.0
P15,23,Right,Female,Male,Happy,0.8591167000122368,1.0
P15,23,Right,Female,Male,Happy,0.948494500014931,1.0
P15,23,Right,Female,Female,Neutral,0.937164300121367,1.0
P15,23,Right,Female,Female,Neutral,1.0045167000498625,1.0
P15,23,Right,Female,Male,Neutral,0.935148400021717,1.0
P15,23,Right,Female,Male,Angry,0.961805999977514,1.0
P15,23,Right,Female,Female,Angry,1.1154908000025898,1.0
P15,23,Right,Female,Male,Neutral,0.9560901999939232,1.0
P15,23,Right,Female,Male,Neutral,1.037575599970296,0.0
P15,23,Right,Female,Male,Angry,0.8853192999958992,1.0
P15,23,Right,Female,Female,Happy,0.8194237998686731,1.0
P15,23,Right,Female,Female,Angry,1.3111852000001818,1.0
P15,23,Right,Female,Male,Angry,0.8691356999333948,1.0
P15,23,Right,Female,Female,Happy,0.9786755999084562,1.0
P15,23,Right,Female,Female,Angry,1.3021652000024917,1.0
P15,23,Right,Female,Male,Angry,0.8880898000206798,1.0
P15,23,Right,Female,Male,Neutral,2.351208799984306,1.0
P15,23,Right,Female,Male,Happy,1.0101107000373304,1.0
P15,23,Right,Female,Male,Neutral,0.5765285999514163,1.0
P15,23,Right,Female,Female,Angry,0.7604180001653731,1.0
P15,23,Right,Female,Female,Happy,0.8781200000084937,1.0
P15,23,Right,Female,Male,Neutral,0.7826499999500811,1.0
P15,23,Right,Female,Female,Neutral,1.5381423998624086,1.0
P15,23,Right,Female,Female,Angry,0.880127799930051,1.0
P15,23,Right,Female,Female,Neutral,0.7139175001066178,1.0
P15,23,Right,Female,Male,Neutral,0.8049163999967277,1.0
P15,23,Right,Female,Female,Neutral,0.9378825998865068,1.0
P15,23,Right,Female,Female,Happy,0.7820792000275105,1.0
P15,23,Right,Female,Female,Angry,0.5840517000760883,1.0
P15,23,Right,Female,Male,Neutral,0.9392524000722916,1.0
P15,23,Right,Female,Female,Happy,1.23391449986957,1.0
P15,23,Right,Female,Male,Happy,0.8521094999741763,1.0
P15,23,Right,Female,Male,Angry,0.7076196002308279,1.0
P15,23,Right,Female,Female,Neutral,0.8352690997999161,1.0
P15,23,Right,Female,Male,Happy,0.7540709001477808,1.0
P15,23,Right,Female,Male,Neutral,0.7497031998354942,1.0
P15,23,Right,Female,Male,Angry,0.6324941001366824,1.0
P15,23,Right,Female,Female,Happy,0.6999512000475079,1.0
P15,23,Right,Female,Female,Neutral,0.7962448999751359,1.0
P15,23,Right,Female,Male,Angry,0.9906854999717324,1.0
P15,23,Right,Female,Male,Angry,0.7860635998658836,1.0
P15,23,Right,Female,Male,Happy,0.7599343999754637,1.0
P15,23,Right,Female,Female,Neutral,0.922216999810189,1.0
P15,23,Right,Female,Female,Angry,0.9570065001025796,1.0
P15,23,Right,Female,Male,Angry,0.7882091999053955,1.0
P15,23,Right,Female,Male,Neutral,0.6968976000789553,1.0
P15,23,Right,Female,Male,Happy,1.0295398999005556,1.0
P15,23,Right,Female,Male,Angry,0.8275297000072896,1.0
P15,23,Right,Female,Female,Happy,0.9139125999063252,1.0
P15,23,Right,Female,Male,Neutral,1.1672602000180632,1.0
P15,23,Right,Female,Female,Angry,0.8557984000071883,1.0
P15,23,Right,Female,Male,Happy,0.8637951000127941,1.0
P15,23,Right,Female,Female,Neutral,0.905456000007689,1.0
P15,23,Right,Female,Male,Happy,0.9523117002099752,1.0
P15,23,Right,Female,Female,Happy,0.8038896000944078,1.0
P15,23,Right,Female,Male,Neutral,0.9984514999669044,1.0
P15,23,Right,Female,Male,Angry,0.5276758000254631,1.0
P15,23,Right,Female,Male,Neutral,0.6254624999128282,1.0
P15,23,Right,Female,Male,Neutral,0.4850148998666554,1.0
P15,23,Right,Female,Male,Happy,3.175693199969828,1.0
P15,23,Right,Female,Female,Happy,2.221572699956596,1.0
P15,23,Right,Female,Male,Happy,0.7653777000959963,1.0
P15,23,Right,Female,Female,Neutral,0.9768707000184804,1.0
P15,23,Right,Female,Male,Happy,0.8004732001572847,1.0
P15,23,Right,Female,Female,Angry,0.7483548000454903,0.0
P15,23,Right,Female,Male,Angry,1.3046256999950856,1.0
P15,23,Right,Female,Female,Neutral,0.8779855999164283,1.0
P15,23,Right,Female,Male,Happy,1.4365796998608855,1.0
P15,23,Right,Female,Male,Angry,1.7908654001075774,1.0
P15,23,Right,Female,Female,Angry,0.8229553999844939,1.0
P15,23,Right,Female,Female,Angry,0.8984482998494059,1.0
P15,23,Right,Female,Male,Angry,0.8401695000939071,1.0
P15,23,Right,Female,Female,Angry,0.7628075999673456,1.0
P15,23,Right,Female,Male,Neutral,0.8008926999755204,1.0
P15,23,Right,Female,Female,Happy,0.9097213998902588,1.0
P15,23,Right,Female,Male,Angry,0.7379602999426425,1.0
P15,23,Right,Female,Female,Happy,0.9359646998345852,1.0
P15,23,Right,Female,Female,Neutral,0.7296521998941898,1.0
P15,23,Right,Female,Male,Happy,0.840936099877581,1.0
P15,23,Right,Female,Male,Happy,0.7614317000843585,1.0
P15,23,Right,Female,Female,Happy,1.7192464000545442,1.0
P15,23,Right,Female,Female,Angry,0.8698955001309514,1.0
P15,23,Right,Female,Female,Happy,4.264512399910018,1.0
P15,23,Right,Female,Male,Neutral,0.7825175998732448,1.0
P15,23,Right,Female,Male,Happy,0.917442300124094,1.0
P15,23,Right,Female,Male,Happy,0.8814477000851184,1.0
P15,23,Right,Female,Female,Angry,1.140699699986726,1.0
P15,23,Right,Female,Female,Happy,1.8705459001939744,1.0
P15,23,Right,Female,Female,Angry,0.892894099932164,1.0
P15,23,Right,Female,Male,Angry,0.953411899972707,1.0
P15,23,Right,Female,Female,Neutral,0.9293394999112934,1.0
P15,23,Right,Female,Male,Happy,1.1004824999254197,1.0
P15,23,Right,Female,Female,Neutral,0.7944646999239922,1.0
P15,23,Right,Female,Female,Happy,0.8180420000571758,1.0
P15,23,Right,Female,Female,Happy,1.0017447001300752,1.0
P15,23,Right,Female,Female,Neutral,0.9329449001234024,1.0
P15,23,Right,Female,Male,Happy,0.8416304001584649,1.0
P15,23,Right,Female,Female,Neutral,1.30598650011234,0.0
P15,23,Right,Female,Female,Angry,1.9380912999622524,0.0
P15,23,Right,Female,Female,Neutral,1.0336109001655132,1.0
P15,23,Right,Female,Male,Neutral,0.9844700000248848,1.0
P15,23,Right,Female,Female,Neutral,1.7840998999308797,1.0
P15,23,Right,Female,Female,Happy,0.9793461998924612,1.0
P15,23,Right,Female,Male,Angry,0.8771389001049101,1.0
P15,23,Right,Female,Female,Angry,2.5725885999854654,1.0
P15,23,Right,Female,Male,Happy,0.964452899992466,1.0
P15,23,Right,Female,Male,Neutral,0.8612670002039522,1.0
P15,23,Right,Female,Male,Neutral,0.7861808000598103,1.0
P15,23,Right,Female,Female,Neutral,0.9485313000623136,1.0
P19,22,Right,Female,Female,Neutral,1.1157079001422971,1.0
P19,22,Right,Female,Female,Happy,0.8907370001543313,0.0
P19,22,Right,Female,Female,Happy,0.8375593998935074,1.0
P19,22,Right,Female,Male,Angry,0.6716635001357645,1.0
P19,22,Right,Female,Female,Happy,0.8547306000255048,1.0
P19,22,Right,Female,Male,Angry,0.6300856999587268,1.0
P19,22,Right,Female,Male,Neutral,0.4668817999772727,1.0
P19,22,Right,Female,Female,Angry,1.2855766001157465,1.0
P19,22,Right,Female,Female,Angry,0.9943629000335932,1.0
P19,22,Right,Female,Female,Angry,1.1367699999827892,1.0
P19,22,Right,Female,Male,Angry,0.7585893000941724,1.0
P19,22,Right,Female,Male,Happy,0.5100022999104112,1.0
P19,22,Right,Female,Male,Happy,0.4650914999656379,1.0
P19,22,Right,Female,Female,Neutral,0.8988836000207812,1.0
P19,22,Right,Female,Female,Neutral,1.847812700085342,1.0
P19,22,Right,Female,Male,Neutral,0.7304203999228776,1.0
P19,22,Right,Female,Male,Angry,0.4655391999986022,1.0
P19,22,Right,Female,Female,Angry,0.8258483000099659,1.0
P19,22,Right,Female,Male,Neutral,0.950262099970132,1.0
P19,22,Right,Female,Male,Neutral,1.503397500142455,1.0
P19,22,Right,Female,Male,Angry,0.7684726000297815,1.0
P19,22,Right,Female,Female,Happy,1.163411600049585,0.0
P19,22,Right,Female,Female,Angry,0.8920838998164982,1.0
P19,22,Right,Female,Male,Angry,1.3721906999126077,1.0
P19,22,Right,Female,Female,Happy,0.9553321998100728,1.0
P19,22,Right,Female,Female,Angry,0.9449536001775414,1.0
P19,22,Right,Female,Male,Angry,0.9151649000123144,1.0
P19,22,Right,Female,Male,Neutral,0.8984940000809729,1.0
P19,22,Right,Female,Male,Happy,0.4616473999340087,1.0
P19,22,Right,Female,Male,Neutral,0.4280200998764485,1.0
P19,22,Right,Female,Female,Angry,1.3649456999264655,1.0
P19,22,Right,Female,Female,Happy,1.0828573000617323,1.0
P19,22,Right,Female,Male,Neutral,1.0130608000326902,1.0
P19,22,Right,Female,Female,Neutral,1.1819211998954415,1.0
P19,22,Right,Female,Female,Angry,0.8910440001636744,0.0
P19,22,Right,Female,Female,Neutral,1.3097794000059366,1.0
P19,22,Right,Female,Male,Neutral,1.009329400025308,1.0
P19,22,Right,Female,Female,Neutral,1.5467080001253637,1.0
P19,22,Right,Female,Female,Happy,0.5887968998868018,1.0
P19,22,Right,Female,Female,Angry,0.713685599854216,1.0
P19,22,Right,Female,Male,Neutral,0.7883959000464529,0.0
P19,22,Right,Female,Female,Happy,1.770424400223419,1.0
P19,22,Right,Female,Male,Happy,0.8369664999190718,1.0
P19,22,Right,Female,Male,Angry,0.4971751000266522,1.0
P19,22,Right,Female,Female,Neutral,0.9372749999165536,1.0
P19,22,Right,Female,Male,Happy,0.8270751000382006,1.0
P19,22,Right,Female,Male,Neutral,1.1761586999054998,1.0
P19,22,Right,Female,Male,Angry,0.7496998000424355,1.0
P19,22,Right,Female,Female,Happy,0.938200799981132,1.0
P19,22,Right,Female,Female,Neutral,1.0705170000437647,1.0
P19,22,Right,Female,Male,Angry,0.8922751999925822,1.0
P19,22,Right,Female,Male,Angry,0.6259169999975711,1.0
P19,22,Right,Female,Male,Happy,0.7355433001648635,1.0
P19,22,Right,Female,Female,Neutral,0.9222748999018222,1.0
P19,22,Right,Female,Female,Angry,1.6233987000305206,1.0
P19,22,Right,Female,Male,Angry,0.8148668999783695,1.0
P19,22,Right,Female,Male,Neutral,0.5528879000339657,1.0
P19,22,Right,Female,Male,Happy,0.4733084999024868,1.0
P19,22,Right,Female,Male,Angry,0.7325351999606937,1.0
P19,22,Right,Female,Female,Happy,0.843527999939397,1.0
P19,22,Right,Female,Male,Neutral,1.2833970000501722,1.0
P19,22,Right,Female,Female,Angry,0.8534758999012411,0.0
P19,22,Right,Female,Male,Happy,0.9843896999955176,1.0
P19,22,Right,Female,Female,Neutral,0.9985514001455158,1.0
P19,22,Right,Female,Male,Happy,0.917630799813196,1.0
P19,22,Right,Female,Female,Happy,1.2129750999156386,1.0
P19,22,Right,Female,Male,Neutral,0.9192582999821752,1.0
P19,22,Right,Female,Male,Angry,0.4585506999865174,1.0
P19,22,Right,Female,Male,Neutral,1.086816299939528,1.0
P19,22,Right,Female,Male,Neutral,0.6993281999602914,1.0
P19,22,Right,Female,Male,Happy,1.0070702000521123,1.0
P19,22,Right,Female,Female,Happy,0.785858599934727,1.0
P19,22,Right,Female,Male,Happy,0.8721748001407832,1.0
P19,22,Right,Female,Female,Neutral,1.0291518000885844,1.0
P19,22,Right,Female,Male,Happy,0.81855050008744,1.0
P19,22,Right,Female,Female,Angry,1.648401299957186,1.0
P19,22,Right,Female,Male,Angry,1.0070731001906097,1.0
P19,22,Right,Female,Female,Neutral,0.9928091000765562,1.0
P19,22,Right,Female,Male,Happy,0.7945667998865247,1.0
P19,22,Right,Female,Male,Angry,0.5824268001597375,1.0
P19,22,Right,Female,Female,Angry,0.9004686998669058,1.0
P19,22,Right,Female,Female,Angry,0.9341090999078006,0.0
P19,22,Right,Female,Male,Angry,0.6312889999244362,1.0
P19,22,Right,Female,Female,Angry,1.6225024999585005,1.0
P19,22,Right,Female,Male,Neutral,0.7703092000447214,1.0
P19,22,Right,Female,Female,Happy,1.491617300081998,1.0
P19,22,Right,Female,Male,Angry,0.8747789000626653,1.0
P19,22,Right,Female,Female,Happy,0.7835701999720186,1.0
P19,22,Right,Female,Female,Neutral,0.9315247999038548,1.0
P19,22,Right,Female,Male,Happy,0.9347610000986606,1.0
P19,22,Right,Female,Male,Happy,0.7619268998969346,1.0
P19,22,Right,Female,Female,Happy,0.8185537001118064,1.0
P19,22,Right,Female,Female,Angry,1.0402243998833,1.0
P19,22,Right,Female,Female,Happy,0.7636702000163496,1.0
P19,22,Right,Female,Male,Neutral,0.9470464000478388,1.0
P19,22,Right,Female,Male,Happy,0.6105427001602948,1.0
P19,22,Right,Female,Male,Happy,0.4604164001066237,1.0
P19,22,Right,Female,Female,Angry,0.9461584000382572,1.0
P19,22,Right,Female,Female,Happy,0.9620356999803334,1.0
P19,22,Right,Female,Female,Angry,0.990144700044766,0.0
P19,22,Right,Female,Male,Angry,0.6023782000411302,1.0
P19,22,Right,Female,Female,Neutral,0.9198845999781042,1.0
P19,22,Right,Female,Male,Happy,1.492463800124824,1.0
P19,22,Right,Female,Female,Neutral,1.0165017999242991,1.0
P19,22,Right,Female,Female,Happy,2.28348630014807,1.0
P19,22,Right,Female,Female,Happy,0.9164370999205858,1.0
P19,22,Right,Female,Female,Neutral,2.2121331999078397,1.0
P19,22,Right,Female,Male,Happy,0.8688722997903824,1.0
P19,22,Right,Female,Female,Neutral,1.4806289998814464,1.0
P19,22,Right,Female,Female,Angry,1.335258699953556,0.0
P19,22,Right,Female,Female,Neutral,0.9353738999925554,1.0
P19,22,Right,Female,Male,Neutral,0.8867118000052869,1.0
P19,22,Right,Female,Female,Neutral,0.9203621000051498,1.0
P19,22,Right,Female,Female,Happy,0.5192017001099885,1.0
P19,22,Right,Female,Male,Angry,0.9932890001218766,1.0
P19,22,Right,Female,Female,Angry,0.8765390000771731,1.0
P19,22,Right,Female,Male,Happy,0.8407954000867903,1.0
P19,22,Right,Female,Male,Neutral,0.866783499950543,1.0
P19,22,Right,Female,Male,Neutral,0.5170728999655694,1.0
P19,22,Right,Female,Female,Neutral,0.9488258000928907,1.0
P20,23,Right,Female,Female,Neutral,0.8765579999890178,1.0
P20,23,Right,Female,Female,Happy,0.5601266000885516,0.0
P20,23,Right,Female,Female,Happy,0.5503998000640422,1.0
P20,23,Right,Female,Male,Angry,0.5832220000447705,1.0
P20,23,Right,Female,Female,Happy,0.530654100002721,1.0
P20,23,Right,Female,Male,Angry,0.6077373999869451,1.0
P20,23,Right,Female,Male,Neutral,0.5845538999419659,1.0
P20,23,Right,Female,Female,Angry,0.5079536000266671,0.0
P20,23,Right,Female,Female,Angry,0.6189937999006361,1.0
P20,23,Right,Female,Female,Angry,1.1503575999522582,0.0
P20,23,Right,Female,Male,Angry,0.7414309000596404,1.0
P20,23,Right,Female,Male,Happy,0.6924038999713957,1.0
P20,23,Right,Female,Male,Happy,0.4556434000842273,1.0
P20,23,Right,Female,Female,Neutral,0.6213339999085292,1.0
P20,23,Right,Female,Female,Neutral,0.493239999981597,1.0
P20,23,Right,Female,Male,Neutral,0.5869666000362486,1.0
P20,23,Right,Female,Male,Angry,0.7507569000590593,1.0
P20,23,Right,Female,Female,Angry,0.622069500037469,1.0
P20,23,Right,Female,Male,Neutral,0.5223986000055447,1.0
P20,23,Right,Female,Male,Neutral,1.1296983000356704,0.0
P20,23,Right,Female,Male,Angry,0.5499684999231249,1.0
P20,23,Right,Female,Female,Happy,0.6664987000403926,1.0
P20,23,Right,Female,Female,Angry,0.6831032999325544,1.0
P20,23,Right,Female,Male,Angry,0.5389238999923691,1.0
P20,23,Right,Female,Female,Happy,0.653032899950631,1.0
P20,23,Right,Female,Female,Angry,1.726032300037332,1.0
P20,23,Right,Female,Male,Angry,1.6787669999757782,1.0
P20,23,Right,Female,Male,Neutral,0.8271273999707773,0.0
P20,23,Right,Female,Male,Happy,0.666489899973385,1.0
P20,23,Right,Female,Male,Neutral,0.5485023999353871,1.0
P20,23,Right,Female,Female,Angry,0.6111949000041932,1.0
P20,23,Right,Female,Female,Happy,0.5930962999118492,1.0
P20,23,Right,Female,Male,Neutral,0.6034689999651164,1.0
P20,23,Right,Female,Female,Neutral,1.097526800003834,1.0
P20,23,Right,Female,Female,Angry,0.740387300029397,1.0
P20,23,Right,Female,Female,Neutral,0.6975400000810623,1.0
P20,23,Right,Female,Male,Neutral,0.6591455999296159,1.0
P20,23,Right,Female,Female,Neutral,1.189109200029634,1.0
P20,23,Right,Female,Female,Happy,0.5743726000655442,1.0
P20,23,Right,Female,Female,Angry,0.5502447999315336,1.0
P20,23,Right,Female,Male,Neutral,0.600189600023441,1.0
P20,23,Right,Female,Female,Happy,0.7448575000744313,1.0
P20,23,Right,Female,Male,Happy,0.6451876000501215,1.0
P20,23,Right,Female,Male,Angry,1.2289095999440178,1.0
P20,23,Right,Female,Female,Neutral,0.5834271999774501,1.0
P20,23,Right,Female,Male,Happy,0.6161765999859199,1.0
P20,23,Right,Female,Male,Neutral,0.7452857999596745,1.0
P20,23,Right,Female,Male,Angry,0.4506073000375181,1.0
P20,23,Right,Female,Female,Happy,0.4611528000095859,1.0
P20,23,Right,Female,Female,Neutral,1.546168699976988,1.0
P20,23,Right,Female,Male,Angry,0.6420270000817254,1.0
P20,23,Right,Female,Male,Angry,0.740356000023894,1.0
P20,23,Right,Female,Male,Happy,0.5379267999669537,1.0
P20,23,Right,Female,Female,Neutral,0.4745703999651596,1.0
P20,23,Right,Female,Female,Angry,0.6027470999397337,1.0
P20,23,Right,Female,Male,Angry,0.6112308000447229,1.0
P20,23,Right,Female,Male,Neutral,0.5276875999988988,1.0
P20,23,Right,Female,Male,Happy,0.5538929000031203,1.0
P20,23,Right,Female,Male,Angry,0.5195284999208525,1.0
P20,23,Right,Female,Female,Happy,0.6011052000103518,1.0
P20,23,Right,Female,Male,Neutral,1.4666773000499234,1.0
P20,23,Right,Female,Female,Angry,0.4626851000357419,1.0
P20,23,Right,Female,Male,Happy,0.7825456000864506,1.0
P20,23,Right,Female,Female,Neutral,0.5734165000030771,1.0
P20,23,Right,Female,Male,Happy,0.5495451999595389,1.0
P20,23,Right,Female,Female,Happy,0.685324199963361,1.0
P20,23,Right,Female,Male,Neutral,0.6809950999449939,1.0
P20,23,Right,Female,Male,Angry,0.6929000000236556,1.0
P20,23,Right,Female,Male,Neutral,0.5101314000785351,1.0
P20,23,Right,Female,Male,Neutral,0.4917782000266015,1.0
P20,23,Right,Female,Male,Happy,0.5346671999432147,0.0
P20,23,Right,Female,Female,Happy,0.604049599962309,1.0
P20,23,Right,Female,Male,Happy,0.7710534000070766,1.0
P20,23,Right,Female,Female,Neutral,0.8761399000650272,1.0
P20,23,Right,Female,Male,Happy,0.6020017000846565,1.0
P20,23,Right,Female,Female,Angry,0.5913354000076652,0.0
P20,23,Right,Female,Male,Angry,0.7358545999741182,1.0
P20,23,Right,Female,Female,Neutral,1.223052200046368,1.0
P20,23,Right,Female,Male,Happy,0.5769883000757545,1.0
P20,23,Right,Female,Male,Angry,0.9716698999982328,1.0
P20,23,Right,Female,Female,Angry,0.590557900024578,1.0
P20,23,Right,Female,Female,Angry,0.5969900999916717,1.0
P20,23,Right,Female,Male,Angry,1.016875500092283,1.0
P20,23,Right,Female,Female,Angry,0.7059215999906883,1.0
P20,23,Right,Female,Male,Neutral,0.6878739000530913,1.0
P20,23,Right,Female,Female,Happy,0.6667735999217257,1.0
P20,23,Right,Female,Male,Angry,0.7091087999287993,1.0
P20,23,Right,Female,Female,Happy,0.6638082000426948,1.0
P20,23,Right,Female,Female,Neutral,0.6805666000582278,1.0
P20,23,Right,Female,Male,Happy,0.9547105999663472,1.0
P20,23,Right,Female,Male,Happy,0.6661182000534609,1.0
P20,23,Right,Female,Female,Happy,0.791927499929443,1.0
P20,23,Right,Female,Female,Angry,0.5668151000281796,1.0
P20,23,Right,Female,Female,Happy,0.8190313000231981,1.0
P20,23,Right,Female,Male,Neutral,0.6168318999698386,1.0
P20,23,Right,Female,Male,Happy,0.9522649999707936,1.0
P20,23,Right,Female,Male,Happy,0.4944613999687135,1.0
P20,23,Right,Female,Female,Angry,0.4854097999632358,1.0
P20,23,Right,Female,Female,Happy,0.8531436999328434,1.0
P20,23,Right,Female,Female,Angry,0.9002867999952286,1.0
P20,23,Right,Female,Male,Angry,0.6121069999644533,1.0
P20,23,Right,Female,Female,Neutral,0.5387716999975964,1.0
P20,23,Right,Female,Male,Happy,0.8636017000535503,1.0
P20,23,Right,Female,Female,Neutral,0.6088042000774294,1.0
P20,23,Right,Female,Female,Happy,0.7319668000563979,1.0
P20,23,Right,Female,Female,Happy,0.6414590000640601,1.0
P20,23,Right,Female,Female,Neutral,0.5892267999006435,1.0
P20,23,Right,Female,Male,Happy,0.509383299970068,1.0
P20,23,Right,Female,Female,Neutral,1.3642381000099704,1.0
P20,23,Right,Female,Female,Angry,0.8468084000051022,1.0
P20,23,Right,Female,Female,Neutral,0.6599428000627086,1.0
P20,23,Right,Female,Male,Neutral,0.928047899971716,1.0
P20,23,Right,Female,Female,Neutral,0.8505225999979302,0.0
P20,23,Right,Female,Female,Happy,0.720749199972488,1.0
P20,23,Right,Female,Male,Angry,0.6565415000077337,1.0
P20,23,Right,Female,Female,Angry,0.9253632000181824,1.0
P20,23,Right,Female,Male,Happy,1.5017470000311732,1.0
P20,23,Right,Female,Male,Neutral,0.593979400000535,1.0
P20,23,Right,Female,Male,Neutral,0.4258334999904036,1.0
P20,23,Right,Female,Female,Neutral,0.5018864000448957,1.0
